x,y,heading
5.0108232498168945,2.703211784362793,0.0
4.979532941733257,2.706348735507172,3.0416733893074697
4.948242633649619,2.709485686651551,3.0416733893074697
4.916952325565981,2.71262263779593,3.0416733893074697
4.885662017482342,2.7157595889403088,3.0416733893074697
4.854371709398704,2.7188965400846876,3.0416733893074697
4.823081401315066,2.722033491229067,3.0416733893074697
4.791791093231428,2.7251704423734457,3.0416733893074697
4.76050078514779,2.7283073935178246,3.0416733893074697
4.729210477064152,2.7314443446622034,3.0416733893074697
4.697920168980513,2.7345812958065827,3.0416733893074697
4.666629860896875,2.7377182469509616,3.0416733893074697
4.635339552813237,2.7408551980953404,3.0416733893074697
4.604049244729599,2.7439921492397197,3.0416733893074697
4.572758936645961,2.7471291003840985,3.0416733893074697
4.541468628562323,2.7502660515284774,3.0416733893074697
4.510178320478685,2.753403002672856,3.0416733893074697
4.478888012395046,2.7565399538172355,3.0416733893074697
4.447597704311408,2.7596769049616143,3.0416733893074697
4.41630739622777,2.762813856105993,3.0416733893074697
4.385017088144132,2.7659508072503725,3.0416733893074697
4.353726780060494,2.7690877583947513,3.0416733893074697
4.322436471976856,2.77222470953913,3.0416733893074697
4.2911461638932185,2.775361660683509,3.0416733893074697
4.25985585580958,2.7784986118278883,3.0416733893074697
4.228565547725942,2.781635562972267,3.0416733893074697
4.197275239642304,2.784772514116646,3.0416733893074697
4.165984931558666,2.7879094652610252,3.0416733893074697
4.134694623475028,2.791046416405404,3.0416733893074697
4.10340431539139,2.794183367549783,3.0416733893074697
4.072114007307752,2.7973203186941618,3.0416733893074697
4.040823699224113,2.800457269838541,3.0416733893074697
4.009533391140475,2.80359422098292,3.0416733893074697
3.978243083056837,2.8067311721272987,3.0416733893074697
3.946952774973199,2.8098681232716776,3.0416733893074697
3.915662466889561,2.813005074416057,3.0416733893074697
3.884372158805923,2.8161420255604357,3.0416733893074697
3.8530818507222846,2.8192789767048145,3.0416733893074697
3.821791542638646,2.822415927849194,3.0416733893074697
3.790501234555008,2.8255528789935727,3.0416733893074697
3.7592109264713702,2.8286898301379515,3.0416733893074697
3.7279206183877323,2.8318267812823303,3.0416733893074697
3.6966303103040943,2.8349637324267096,3.0416733893074697
3.6653400022204563,2.8381006835710885,3.0416733893074697
3.634049694136818,2.8412376347154673,3.0416733893074697
3.6027593860531795,2.844374585859846,3.0416733893074697
3.5714690779695415,2.8475115370042254,3.0416733893074697
3.5401787698859035,2.8506484881486043,3.0416733893074697
3.5088884618022655,2.853785439292983,3.0416733893074697
3.4775981537186276,2.8569223904373624,3.0416733893074697
3.446307845634989,2.8600593415817412,3.0416733893074697
3.415017537551351,2.86319629272612,3.0416733893074697
3.3837272294677128,2.866333243870499,3.0416733893074697
3.352436921384075,2.869470195014878,3.0416733893074697
3.321146613300437,2.872607146159257,3.0416733893074697
3.289856305216799,2.875744097303636,3.0416733893074697
3.2585659971331604,2.878881048448015,3.0416733893074697
3.227275689049523,2.882017999592394,3.0416733893074697
3.1959853809658845,2.885154950736773,3.0416733893074697
3.164695072882246,2.8882919018811517,3.0416733893074697
3.133404764798608,2.891428853025531,3.0416733893074697
3.10211445671497,2.89456580416991,3.0416733893074697
3.070824148631332,2.8977027553142887,3.0416733893074697
3.039533840547694,2.9008397064586675,3.0416733893074697
3.0082435324640557,2.903976657603047,3.0416733893074697
2.9769532243804178,2.9071136087474256,3.0416733893074697
2.9456629162967793,2.9102505598918045,3.0416733893074697
2.9143726082131414,2.9133875110361838,3.0416733893074697
2.883082300129503,2.9165244621805626,3.0416733893074697
2.851791992045865,2.9196614133249414,3.0416733893074697
2.8205016839622274,2.9227983644693203,3.0416733893074697
2.789211375878589,2.9259353156136996,3.0416733893074697
2.757921067794951,2.9290722667580784,3.0416733893074697
2.7266307597113126,2.9322092179024573,3.0416733893074697
2.6953404516276747,2.935346169046836,3.0416733893074697
2.6640501435440367,2.9384831201912154,3.0416733893074697
2.6327598354603983,2.941620071335594,3.0416733893074697
2.6014695273767603,2.944757022479973,3.0416733893074697
2.5701792192931223,2.9478939736243523,3.0416733893074697
2.538888911209484,2.951030924768731,3.0416733893074697
2.507598603125846,2.95416787591311,3.0416733893074697
2.476308295042208,2.957304827057489,3.0416733893074697
2.4450179869585695,2.960441778201868,3.0416733893074697
2.413727678874932,2.963578729346247,3.0416733893074697
2.3824373707912936,2.966715680490626,3.0416733893074697
2.3511470627076556,2.969852631635005,3.0416733893074697
2.3198567546240176,2.972989582779384,3.0416733893074697
2.288566446540379,2.976126533923763,3.0416733893074697
2.2572761384567412,2.9792634850681416,3.0416733893074697
2.2259858303731033,2.982400436212521,3.0416733893074697
2.194695522289465,2.9855373873568998,3.0416733893074697
2.163405214205827,2.9886743385012786,3.0416733893074697
2.1321149061221885,2.991811289645658,3.0416733893074697
2.1008245980385505,2.9949482407900367,3.0416733893074697
2.0695342899549125,2.9980851919344156,3.0416733893074697
2.0382439818712745,3.0012221430787944,3.0416733893074697
2.0069536737876366,3.0043590942231737,3.0416733893074697
1.9756633657039981,3.0074960453675526,3.0416733893074697
1.9443730576203602,3.0106329965119314,3.0416733893074697
1.9130827495367222,3.0137699476563102,3.0416733893074697
1.8817924414530838,3.0169068988006895,3.0416733893074697
1.8505021333694458,3.0200438499450684,3.0416733893074697
1.8166579739882214,3.023253360597214,3.047043368655785
1.782813814606997,3.0264628712493593,3.047043368655785
1.7489696552257727,3.029672381901505,3.047043368655785
1.7151254958445483,3.0328818925536507,3.047043368655785
1.681281336463324,3.036091403205796,3.047043368655785
1.6474371770820995,3.0393009138579417,3.047043368655785
1.613593017700875,3.042510424510087,3.047043368655785
1.5797488583196508,3.0457199351622326,3.047043368655785
1.5459046989384264,3.048929445814378,3.047043368655785
1.512060539557202,3.0521389564665236,3.047043368655785
1.4782163801759776,3.0553484671186695,3.047043368655785
1.4443722207947534,3.058557977770815,3.047043368655785
1.410528061413529,3.0617674884229604,3.047043368655785
1.3766839020323045,3.064976999075106,3.047043368655785
1.3428397426510803,3.0681865097272514,3.047043368655785
1.3089955832698559,3.071396020379397,3.047043368655785
1.2751514238886315,3.0746055310315423,3.047043368655785
1.241307264507407,3.077815041683688,3.047043368655785
1.2074631051261826,3.0810245523358337,3.047043368655785
1.1736189457449582,3.084234062987979,3.047043368655785
1.1397747863637337,3.0874435736401247,3.047043368655785
1.1059306269825095,3.09065308429227,3.047043368655785
1.0720864676012851,3.0938625949444156,3.047043368655785
1.038242308220061,3.097072105596561,3.047043368655785
1.0043981488388365,3.1002816162487066,3.047043368655785
0.970553989457612,3.1034911269008525,3.047043368655785
0.9367098300763875,3.106700637552998,3.047043368655785
0.9028656706951631,3.1099101482051434,3.047043368655785
0.8690215113139389,3.113119658857289,3.047043368655785
0.8351773519327146,3.1163291695094344,3.047043368655785
0.8013331925514902,3.11953868016158,3.047043368655785
0.7674890331702657,3.1227481908137253,3.047043368655785
0.7336448737890413,3.1259577014658713,3.047043368655785
0.6998007144078169,3.1291672121180167,3.047043368655785
0.6659565550265927,3.132376722770162,3.047043368655785
0.6321123956453683,3.1355862334223077,3.047043368655785
0.5982682362641438,3.138795744074453,3.047043368655785
0.5644240768829194,3.1420052547265986,3.047043368655785
0.530579917501695,3.145214765378744,3.047043368655785
0.49673575812047055,3.14842427603089,3.047043368655785
0.46289159873924635,3.1516337866830355,3.047043368655785
0.4290474393580219,3.154843297335181,3.047043368655785
0.3952032799767977,3.1580528079873265,3.047043368655785
0.3613591205955733,3.161262318639472,3.047043368655785
0.32751496121434887,3.1644718292916174,3.047043368655785
0.29367080183312444,3.167681339943763,3.047043368655785
0.2598266424519,3.170890850595909,3.047043368655785
0.2259824830706758,3.1741003612480543,3.047043368655785
0.19213832368945138,3.1773098719001998,3.047043368655785
0.15829416430822696,3.1805193825523452,3.047043368655785
0.12445000492700253,3.1837288932044907,3.047043368655785
0.09060584554577811,3.186938403856636,3.047043368655785
0.05676168616455368,3.1901479145087817,3.047043368655785
0.022917526783329256,3.1933574251609276,3.047043368655785
-0.01092663259789517,3.196566935813073,3.047043368655785
-0.044770791979119595,3.1997764464652185,3.047043368655785
-0.07861495136034358,3.202985957117364,3.047043368655785
-0.112459110741568,3.2061954677695095,3.047043368655785
-0.14630327012279243,3.209404978421655,3.047043368655785
-0.18014742950401663,3.2126144890738004,3.047043368655785
-0.21399158888524106,3.215823999725946,3.047043368655785
-0.24783574826646548,3.219033510378092,3.047043368655785
-0.2816799076476899,3.2222430210302373,3.047043368655785
-0.31552406702891433,3.2254525316823828,3.047043368655785
-0.34936822641013876,3.2286620423345282,3.047043368655785
-0.3832123857913632,3.2318715529866737,3.047043368655785
-0.4170565451725876,3.235081063638819,3.047043368655785
-0.45090070455381204,3.2382905742909647,3.047043368655785
-0.48474486393503646,3.2415000849431106,3.047043368655785
-0.5185890233162604,3.244709595595256,3.047043368655785
-0.5524331826974849,3.2479191062474015,3.047043368655785
-0.5862773420787093,3.251128616899547,3.047043368655785
-0.6201215014599337,3.2543381275516925,3.047043368655785
-0.6539656608411581,3.257547638203838,3.047043368655785
-0.6878098202223826,3.2607571488559834,3.047043368655785
-0.721653979603607,3.2639666595081294,3.047043368655785
-0.7554981389848314,3.267176170160275,3.047043368655785
-0.7893422983660559,3.2703856808124203,3.047043368655785
-0.8231864577472803,3.273595191464566,3.047043368655785
-0.8570306171285047,3.2768047021167113,3.047043368655785
-0.8908747765097291,3.2800142127688567,3.047043368655785
-0.9247189358909531,3.283223723421002,3.047043368655785
-0.9585630952721775,3.286433234073148,3.047043368655785
-0.992407254653402,3.2896427447252936,3.047043368655785
-1.0262514140346264,3.292852255377439,3.047043368655785
-1.0600955734158504,3.2960617660295846,3.047043368655785
-1.0939397327970748,3.29927127668173,3.047043368655785
-1.1277838921782992,3.3024807873338755,3.047043368655785
-1.1616280515595236,3.305690297986021,3.047043368655785
-1.195472210940748,3.3088998086381665,3.047043368655785
-1.2293163703219725,3.3121093192903124,3.047043368655785
-1.263160529703197,3.315318829942458,3.047043368655785
-1.2970046890844213,3.3185283405946033,3.047043368655785
-1.3308488484656458,3.321737851246749,3.047043368655785
-1.3646930078468698,3.3249473618988943,3.047043368655785
-1.3985371672280942,3.3281568725510398,3.047043368655785
-1.4323813266093186,3.3313663832031852,3.047043368655785
-1.466225485990543,3.334575893855331,3.047043368655785
-1.5000696453717675,3.3377854045074766,3.047043368655785
-1.5339138047529919,3.340994915159622,3.047043368655785
-1.5677579641342163,3.3442044258117676,3.047043368655785
-1.6123459740440444,3.348565127589915,3.044102814245091
-1.6569339839538726,3.3529258293680626,3.044102814245091
-1.7015219938637007,3.35728653114621,3.044102814245091
-1.7461100037735289,3.3616472329243576,3.044102814245091
-1.7906980136833568,3.366007934702505,3.044102814245091
-1.835286023593185,3.3703686364806527,3.044102814245091
-1.879874033503013,3.3747293382588,3.044102814245091
-1.9244620434128412,3.3790900400369472,3.044102814245091
-1.9690500533226694,3.383450741815095,3.044102814245091
-2.0136380632324973,3.3878114435932423,3.044102814245091
-2.0582260731423254,3.39217214537139,3.044102814245091
-2.1028140830521536,3.3965328471495373,3.044102814245091
-2.1474020929619817,3.400893548927685,3.044102814245091
-2.19199010287181,3.4052542507058323,3.044102814245091
-2.236578112781638,3.4096149524839796,3.044102814245091
-2.281166122691466,3.4139756542621273,3.044102814245091
-2.3257541326012943,3.4183363560402746,3.044102814245091
-2.3703421425111224,3.4226970578184224,3.044102814245091
-2.4149301524209505,3.4270577595965697,3.044102814245091
-2.4595181623307787,3.4314184613747174,3.044102814245091
-2.504106172240607,3.4357791631528647,3.044102814245091
-2.5486941821504345,3.440139864931012,3.044102814245091
-2.593282192060263,3.4445005667091597,3.044102814245091
-2.637870201970091,3.448861268487307,3.044102814245091
-2.682458211879919,3.4532219702654547,3.044102814245091
-2.727046221789747,3.457582672043602,3.044102814245091
-2.7716342316995757,3.4619433738217493,3.044102814245091
-2.8162222416094034,3.466304075599897,3.044102814245091
-2.8608102515192315,3.4706647773780444,3.044102814245091
-2.9053982614290597,3.475025479156192,3.044102814245091
-2.949986271338888,3.4793861809343394,3.044102814245091
-2.994574281248716,3.483746882712487,3.044102814245091
-3.039162291158544,3.4881075844906344,3.044102814245091
-3.0837503010683722,3.4924682862687817,3.044102814245091
-3.1283383109782,3.4968289880469294,3.044102814245091
-3.1729263208880285,3.5011896898250767,3.044102814245091
-3.217514330797856,3.5055503916032245,3.044102814245091
-3.262102340707685,3.5099110933813717,3.044102814245091
-3.3066903506175125,3.5142717951595195,3.044102814245091
-3.351278360527341,3.5186324969376668,3.044102814245091
-3.3958663704371688,3.522993198715814,3.044102814245091
-3.440454380346997,3.527353900493962,3.044102814245091
-3.485042390256825,3.531714602272109,3.044102814245091
-3.529630400166653,3.536075304050257,3.044102814245091
-3.5742184100764813,3.540436005828404,3.044102814245091
-3.6188064199863095,3.544796707606552,3.044102814245091
-3.6633944298961376,3.549157409384699,3.044102814245091
-3.7079824398059653,3.5535181111628464,3.044102814245091
-3.7525704497157935,3.557878812940994,3.044102814245091
-3.7971584596256216,3.5622395147191415,3.044102814245091
-3.84174646953545,3.566600216497289,3.044102814245091
-3.8863344794452783,3.5709609182754365,3.044102814245091
-3.9309224893551065,3.5753216200535842,3.044102814245091
-3.9755104992649346,3.5796823218317315,3.044102814245091
-4.020098509174763,3.584043023609879,3.044102814245091
-4.06468651908459,3.5884037253880265,3.044102814245091
-4.109274528994419,3.592764427166174,3.044102814245091
-4.153862538904247,3.5971251289443216,3.044102814245091
-4.198450548814074,3.601485830722469,3.044102814245091
-4.243038558723903,3.6058465325006166,3.044102814245091
-4.287626568633732,3.610207234278764,3.044102814245091
-4.332214578543559,3.614567936056911,3.044102814245091
-4.376802588453387,3.618928637835059,3.044102814245091
-4.421390598363216,3.623289339613206,3.044102814245091
-4.465978608273044,3.627650041391354,3.044102814245091
-4.510566618182872,3.6320107431695012,3.044102814245091
-4.5551546280926996,3.636371444947649,3.044102814245091
-4.599742638002528,3.6407321467257963,3.044102814245091
-4.644330647912357,3.6450928485039436,3.044102814245091
-4.6889186578221835,3.6494535502820913,3.044102814245091
-4.733506667732012,3.6538142520602386,3.044102814245091
-4.778094677641841,3.6581749538383863,3.044102814245091
-4.822682687551668,3.6625356556165336,3.044102814245091
-4.867270697461496,3.6668963573946813,3.044102814245091
-4.911858707371325,3.6712570591728286,3.044102814245091
-4.956446717281153,3.675617760950976,3.044102814245091
-5.001034727190981,3.6799784627291237,3.044102814245091
-5.045622737100809,3.684339164507271,3.044102814245091
-5.090210747010637,3.6886998662854187,3.044102814245091
-5.134798756920466,3.693060568063566,3.044102814245091
-5.1793867668302935,3.6974212698417137,3.044102814245091
-5.223974776740121,3.701781971619861,3.044102814245091
-5.26856278664995,3.7061426733980083,3.044102814245091
-5.3131507965597775,3.710503375176156,3.044102814245091
-5.357738806469605,3.7148640769543033,3.044102814245091
-5.402326816379434,3.719224778732451,3.044102814245091
-5.446914826289262,3.7235854805105983,3.044102814245091
-5.49150283619909,3.727946182288746,3.044102814245091
-5.536090846108918,3.7323068840668934,3.044102814245091
-5.580678856018746,3.7366675858450407,3.044102814245091
-5.625266865928574,3.7410282876231884,3.044102814245091
-5.669854875838403,3.7453889894013357,3.044102814245091
-5.71444288574823,3.7497496911794834,3.044102814245091
-5.759030895658059,3.7541103929576307,3.044102814245091
-5.803618905567887,3.758471094735778,3.044102814245091
-5.848206915477714,3.7628317965139257,3.044102814245091
-5.892794925387543,3.767192498292073,3.044102814245091
-5.937382935297371,3.7715532000702208,3.044102814245091
-5.981970945207199,3.775913901848368,3.044102814245091
-6.026558955117027,3.780274603626516,3.044102814245091
-6.0711469650268555,3.784635305404663,3.044102814245091
-6.1216843954407345,3.790430446662525,3.0274210561034898
-6.172221825854613,3.7962255879203872,3.0274210561034898
-6.222759256268492,3.802020729178249,3.0274210561034898
-6.273296686682371,3.8078158704361114,3.0274210561034898
-6.32383411709625,3.813611011693973,3.0274210561034898
-6.374371547510128,3.8194061529518355,3.0274210561034898
-6.424908977924007,3.8252012942096973,3.0274210561034898
-6.475446408337886,3.8309964354675596,3.0274210561034898
-6.525983838751765,3.8367915767254215,3.0274210561034898
-6.576521269165643,3.8425867179832838,3.0274210561034898
-6.627058699579522,3.8483818592411456,3.0274210561034898
-6.677596129993401,3.854177000499008,3.0274210561034898
-6.728133560407279,3.8599721417568698,3.0274210561034898
-6.778670990821158,3.865767283014732,3.0274210561034898
-6.8292084212350375,3.871562424272594,3.0274210561034898
-6.8797458516489165,3.8773575655304557,3.0274210561034898
-6.930283282062795,3.883152706788318,3.0274210561034898
-6.980820712476674,3.88894784804618,3.0274210561034898
-7.031358142890553,3.894742989304042,3.0274210561034898
-7.081895573304431,3.900538130561904,3.0274210561034898
-7.13243300371831,3.9063332718197663,3.0274210561034898
-7.182970434132189,3.912128413077628,3.0274210561034898
-7.233507864546068,3.9179235543354904,3.0274210561034898
-7.284045294959946,3.9237186955933523,3.0274210561034898
-7.334582725373825,3.9295138368512146,3.0274210561034898
-7.385120155787704,3.9353089781090764,3.0274210561034898
-7.435657586201582,3.9411041193669387,3.0274210561034898
-7.486195016615461,3.9468992606248006,3.0274210561034898
-7.53673244702934,3.9526944018826624,3.0274210561034898
-7.5872698774432195,3.9584895431405247,3.0274210561034898
-7.6378073078570985,3.9642846843983865,3.0274210561034898
-7.688344738270977,3.970079825656249,3.0274210561034898
-7.738882168684856,3.9758749669141107,3.0274210561034898
-7.789419599098735,3.981670108171973,3.0274210561034898
-7.839957029512613,3.987465249429835,3.0274210561034898
-7.890494459926492,3.993260390687697,3.0274210561034898
-7.941031890340371,3.999055531945559,3.0274210561034898
-7.99156932075425,4.004850673203421,3.0274210561034898
-8.042106751168129,4.0106458144612835,3.0274210561034898
-8.092644181582006,4.016440955719145,3.0274210561034898
-8.143181611995885,4.022236096977007,3.0274210561034898
-8.193719042409764,4.0280312382348695,3.0274210561034898
-8.244256472823643,4.033826379492732,3.0274210561034898
-8.294793903237522,4.039621520750593,3.0274210561034898
-8.345331333651401,4.0454166620084555,3.0274210561034898
-8.39586876406528,4.051211803266318,3.0274210561034898
-8.44640619447916,4.057006944524179,3.0274210561034898
-8.496943624893037,4.0628020857820415,3.0274210561034898
-8.547481055306916,4.068597227039904,3.0274210561034898
-8.598018485720795,4.074392368297766,3.0274210561034898
-8.648555916134674,4.0801875095556275,3.0274210561034898
-8.699093346548553,4.08598265081349,3.0274210561034898
-8.749630776962432,4.091777792071352,3.0274210561034898
-8.80016820737631,4.097572933329214,3.0274210561034898
-8.850705637790188,4.103368074587076,3.0274210561034898
-8.901243068204067,4.109163215844938,3.0274210561034898
-8.951780498617946,4.1149583571028,3.0274210561034898
-9.002317929031825,4.120753498360662,3.0274210561034898
-9.052855359445704,4.126548639618524,3.0274210561034898
-9.103392789859583,4.132343780876386,3.0274210561034898
-9.153930220273462,4.138138922134249,3.0274210561034898
-9.204467650687342,4.14393406339211,3.0274210561034898
-9.255005081101219,4.149729204649972,3.0274210561034898
-9.305542511515098,4.155524345907835,3.0274210561034898
-9.356079941928977,4.161319487165697,3.0274210561034898
-9.406617372342856,4.167114628423558,3.0274210561034898
-9.457154802756735,4.172909769681421,3.0274210561034898
-9.507692233170614,4.178704910939283,3.0274210561034898
-9.558229663584491,4.184500052197145,3.0274210561034898
-9.60876709399837,4.190295193455007,3.0274210561034898
-9.65930452441225,4.196090334712869,3.0274210561034898
-9.709841954826128,4.201885475970731,3.0274210561034898
-9.760379385240007,4.207680617228593,3.0274210561034898
-9.810916815653886,4.213475758486455,3.0274210561034898
-9.861454246067765,4.219270899744317,3.0274210561034898
-9.911991676481644,4.225066041002179,3.0274210561034898
-9.962529106895522,4.230861182260041,3.0274210561034898
-10.0130665373094,4.236656323517903,3.0274210561034898
-10.06360396772328,4.242451464775765,3.0274210561034898
-10.114141398137159,4.248246606033628,3.0274210561034898
-10.164678828551038,4.254041747291489,3.0274210561034898
-10.215216258964917,4.259836888549351,3.0274210561034898
-10.265753689378794,4.265632029807214,3.0274210561034898
-10.316291119792673,4.271427171065076,3.0274210561034898
-10.366828550206552,4.277222312322937,3.0274210561034898
-10.417365980620431,4.2830174535808,3.0274210561034898
-10.46790341103431,4.288812594838662,3.0274210561034898
-10.51844084144819,4.294607736096523,3.0274210561034898
-10.568978271862068,4.300402877354386,3.0274210561034898
-10.619515702275947,4.306198018612248,3.0274210561034898
-10.670053132689826,4.31199315987011,3.0274210561034898
-10.720590563103706,4.317788301127972,3.0274210561034898
-10.771127993517583,4.323583442385834,3.0274210561034898
-10.821665423931462,4.329378583643696,3.0274210561034898
-10.872202854345339,4.3351737249015585,3.0274210561034898
-10.922740284759218,4.34096886615942,3.0274210561034898
-10.973277715173097,4.346764007417282,3.0274210561034898
-11.023815145586976,4.3525591486751445,3.0274210561034898
-11.074352576000855,4.358354289933006,3.0274210561034898
-11.124890006414734,4.364149431190868,3.0274210561034898
-11.175427436828613,4.3699445724487305,3.0274210561034898
-11.195194527654365,4.361068935677556,-2.719561672247867
-11.214961618480116,4.352193298906383,-2.719561672247867
-11.234728709305868,4.343317662135209,-2.719561672247867
-11.254495800131618,4.3344420253640354,-2.719561672247867
-11.27426289095737,4.325566388592861,-2.719561672247867
-11.29402998178312,4.316690751821688,-2.719561672247867
-11.313797072608873,4.307815115050514,-2.719561672247867
-11.333564163434623,4.29893947827934,-2.719561672247867
-11.353331254260375,4.290063841508166,-2.719561672247867
-11.373098345086126,4.281188204736993,-2.719561672247867
-11.392865435911878,4.272312567965819,-2.719561672247867
-11.412632526737628,4.263436931194645,-2.719561672247867
-11.43239961756338,4.254561294423471,-2.719561672247867
-11.45216670838913,4.245685657652298,-2.719561672247867
-11.471933799214883,4.236810020881124,-2.719561672247867
-11.491700890040633,4.22793438410995,-2.719561672247867
-11.511467980866385,4.219058747338776,-2.719561672247867
-11.531235071692135,4.210183110567603,-2.719561672247867
-11.551002162517888,4.201307473796429,-2.719561672247867
-11.570769253343638,4.192431837025255,-2.719561672247867
-11.59053634416939,4.183556200254081,-2.719561672247867
-11.610303434995142,4.174680563482908,-2.719561672247867
-11.630070525820893,4.165804926711734,-2.719561672247867
-11.649837616646645,4.15692928994056,-2.719561672247867
-11.669604707472395,4.148053653169386,-2.719561672247867
-11.689371798298147,4.139178016398213,-2.719561672247867
-11.709138889123897,4.130302379627039,-2.719561672247867
-11.72890597994965,4.121426742855865,-2.719561672247867
-11.7486730707754,4.112551106084691,-2.719561672247867
-11.768440161601152,4.103675469313518,-2.719561672247867
-11.788207252426902,4.094799832542344,-2.719561672247867
-11.807974343252654,4.08592419577117,-2.719561672247867
-11.827741434078405,4.077048558999996,-2.719561672247867
-11.847508524904157,4.068172922228823,-2.719561672247867
-11.867275615729907,4.059297285457649,-2.719561672247867
-11.88704270655566,4.050421648686475,-2.719561672247867
-11.90680979738141,4.041546011915301,-2.719561672247867
-11.926576888207162,4.032670375144128,-2.719561672247867
-11.946343979032914,4.0237947383729535,-2.719561672247867
-11.966111069858664,4.01491910160178,-2.719561672247867
-11.985878160684416,4.006043464830606,-2.719561672247867
-12.005645251510167,3.9971678280594327,-2.719561672247867
-12.025412342335919,3.988292191288259,-2.719561672247867
-12.04517943316167,3.979416554517085,-2.719561672247867
-12.064946523987421,3.970540917745911,-2.719561672247867
-12.084713614813172,3.9616652809747377,-2.719561672247867
-12.104480705638924,3.9527896442035635,-2.719561672247867
-12.124247796464674,3.94391400743239,-2.719561672247867
-12.144014887290426,3.935038370661216,-2.719561672247867
-12.163781978116177,3.9261627338900427,-2.719561672247867
-12.183549068941929,3.9172870971188685,-2.719561672247867
-12.20331615976768,3.908411460347695,-2.719561672247867
-12.223083250593431,3.899535823576521,-2.719561672247867
-12.242850341419182,3.890660186805347,-2.719561672247867
-12.262617432244934,3.8817845500341734,-2.719561672247867
-12.282384523070686,3.8729089132629997,-2.719561672247867
-12.302151613896436,3.864033276491826,-2.719561672247867
-12.321918704722187,3.8551576397206526,-2.719561672247867
-12.341685795547939,3.8462820029494784,-2.719561672247867
-12.36145288637369,3.837406366178305,-2.719561672247867
-12.381219977199441,3.828530729407131,-2.719561672247867
-12.400987068025191,3.8196550926359576,-2.719561672247867
-12.420754158850944,3.8107794558647834,-2.719561672247867
-12.440521249676696,3.8019038190936096,-2.719561672247867
-12.460288340502446,3.793028182322436,-2.719561672247867
-12.480055431328198,3.784152545551262,-2.719561672247867
-12.499822522153949,3.7752769087800884,-2.719561672247867
-12.5195896129797,3.7664012720089146,-2.719561672247867
-12.539356703805451,3.757525635237741,-2.719561672247867
-12.559123794631203,3.7486499984665675,-2.719561672247867
-12.578890885456953,3.7397743616953933,-2.719561672247867
-12.598657976282706,3.7308987249242196,-2.719561672247867
-12.618425067108456,3.722023088153046,-2.719561672247867
-12.638192157934208,3.713147451381872,-2.719561672247867
-12.657959248759958,3.7042718146106983,-2.719561672247867
-12.67772633958571,3.6953961778395246,-2.719561672247867
-12.69749343041146,3.686520541068351,-2.719561672247867
-12.717260521237213,3.677644904297177,-2.719561672247867
-12.737027612062963,3.6687692675260033,-2.719561672247867
-12.756794702888715,3.6598936307548295,-2.719561672247867
-12.776561793714468,3.651017993983656,-2.719561672247867
-12.796328884540218,3.642142357212482,-2.719561672247867
-12.816095975365968,3.6332667204413083,-2.719561672247867
-12.83586306619172,3.6243910836701345,-2.719561672247867
-12.855630157017472,3.6155154468989608,-2.719561672247867
-12.875397247843223,3.606639810127787,-2.719561672247867
-12.895164338668975,3.5977641733566132,-2.719561672247867
-12.914931429494725,3.5888885365854395,-2.719561672247867
-12.934698520320477,3.5800128998142657,-2.719561672247867
-12.954465611146228,3.571137263043092,-2.719561672247867
-12.97423270197198,3.5622616262719182,-2.719561672247867
-12.99399979279773,3.5533859895007445,-2.719561672247867
-13.013766883623482,3.5445103527295707,-2.719561672247867
-13.033533974449233,3.535634715958397,-2.719561672247867
-13.053301065274985,3.526759079187223,-2.719561672247867
-13.073068156100735,3.5178834424160494,-2.719561672247867
-13.092835246926487,3.5090078056448757,-2.719561672247867
-13.112602337752238,3.500132168873702,-2.719561672247867
-13.13236942857799,3.491256532102528,-2.719561672247867
-13.15213651940374,3.4823808953313544,-2.719561672247867
-13.171903610229492,3.4735052585601807,-2.719561672247867
-13.174922282152837,3.452667979910822,-1.7146642651859991
-13.177940954076181,3.4318307012614637,-1.7146642651859991
-13.180959625999526,3.4109934226121053,-1.7146642651859991
-13.18397829792287,3.390156143962747,-1.7146642651859991
-13.186996969846216,3.3693188653133883,-1.7146642651859991
-13.19001564176956,3.34848158666403,-1.7146642651859991
-13.193034313692905,3.3276443080146714,-1.7146642651859991
-13.19605298561625,3.306807029365313,-1.7146642651859991
-13.199071657539594,3.2859697507159544,-1.7146642651859991
-13.202090329462939,3.265132472066596,-1.7146642651859991
-13.205109001386283,3.2442951934172375,-1.7146642651859991
-13.208127673309628,3.223457914767879,-1.7146642651859991
-13.211146345232972,3.2026206361185205,-1.7146642651859991
-13.214165017156319,3.181783357469162,-1.7146642651859991
-13.217183689079663,3.1609460788198036,-1.7146642651859991
-13.220202361003007,3.140108800170445,-1.7146642651859991
-13.223221032926352,3.1192715215210867,-1.7146642651859991
-13.226239704849696,3.098434242871728,-1.7146642651859991
-13.229258376773041,3.0775969642223697,-1.7146642651859991
-13.232277048696385,3.0567596855730113,-1.7146642651859991
-13.23529572061973,3.035922406923653,-1.7146642651859991
-13.238314392543074,3.0150851282742943,-1.7146642651859991
-13.24133306446642,2.994247849624936,-1.7146642651859991
-13.244351736389765,2.9734105709755774,-1.7146642651859991
-13.24737040831311,2.952573292326219,-1.7146642651859991
-13.250389080236454,2.9317360136768604,-1.7146642651859991
-13.253407752159799,2.910898735027502,-1.7146642651859991
-13.256426424083143,2.8900614563781435,-1.7146642651859991
-13.259445096006488,2.8692241777287855,-1.7146642651859991
-13.262463767929832,2.8483868990794265,-1.7146642651859991
-13.265482439853177,2.827549620430068,-1.7146642651859991
-13.268501111776521,2.8067123417807096,-1.7146642651859991
-13.271519783699867,2.785875063131351,-1.7146642651859991
-13.274538455623212,2.7650377844819927,-1.7146642651859991
-13.277557127546556,2.7442005058326346,-1.7146642651859991
-13.2805757994699,2.7233632271832757,-1.7146642651859991
-13.283594471393245,2.7025259485339177,-1.7146642651859991
-13.28661314331659,2.681688669884559,-1.7146642651859991
-13.289631815239934,2.6608513912352003,-1.7146642651859991
-13.292650487163279,2.640014112585842,-1.7146642651859991
-13.295669159086623,2.6191768339364834,-1.7146642651859991
-13.29868783100997,2.598339555287125,-1.7146642651859991
-13.301706502933314,2.577502276637767,-1.7146642651859991
-13.304725174856658,2.556664997988408,-1.7146642651859991
-13.307743846780003,2.53582771933905,-1.7146642651859991
-13.310762518703347,2.514990440689691,-1.7146642651859991
-13.313781190626692,2.4941531620403325,-1.7146642651859991
-13.316799862550036,2.473315883390974,-1.7146642651859991
-13.31981853447338,2.452478604741616,-1.7146642651859991
-13.322837206396725,2.431641326092257,-1.7146642651859991
-13.325855878320072,2.410804047442899,-1.7146642651859991
-13.328874550243416,2.38996676879354,-1.7146642651859991
-13.33189322216676,2.369129490144182,-1.7146642651859991
-13.334911894090105,2.3482922114948233,-1.7146642651859991
-13.33793056601345,2.3274549328454652,-1.7146642651859991
-13.340949237936794,2.3066176541961063,-1.7146642651859991
-13.343967909860138,2.2857803755467483,-1.7146642651859991
-13.346986581783483,2.26494309689739,-1.7146642651859991
-13.350005253706827,2.2441058182480313,-1.7146642651859991
-13.353023925630174,2.2232685395986724,-1.7146642651859991
-13.356042597553518,2.2024312609493144,-1.7146642651859991
-13.359061269476863,2.1815939822999555,-1.7146642651859991
-13.362079941400207,2.1607567036505975,-1.7146642651859991
-13.365098613323552,2.1399194250012386,-1.7146642651859991
-13.368117285246896,2.1190821463518805,-1.7146642651859991
-13.37113595717024,2.0982448677025216,-1.7146642651859991
-13.374154629093585,2.0774075890531636,-1.7146642651859991
-13.37717330101693,2.0565703104038047,-1.7146642651859991
-13.380191972940276,2.0357330317544466,-1.7146642651859991
-13.38321064486362,2.014895753105088,-1.7146642651859991
-13.386229316786965,1.9940584744557297,-1.7146642651859991
-13.38924798871031,1.9732211958063712,-1.7146642651859991
-13.392266660633654,1.9523839171570128,-1.7146642651859991
-13.395285332556998,1.9315466385076543,-1.7146642651859991
-13.398304004480343,1.9107093598582958,-1.7146642651859991
-13.401322676403687,1.8898720812089371,-1.7146642651859991
-13.404341348327032,1.8690348025595787,-1.7146642651859991
-13.407360020250376,1.8481975239102202,-1.7146642651859991
-13.410378692173722,1.8273602452608617,-1.7146642651859991
-13.413397364097067,1.8065229666115032,-1.7146642651859991
-13.416416036020411,1.7856856879621448,-1.7146642651859991
-13.419434707943756,1.7648484093127863,-1.7146642651859991
-13.4224533798671,1.744011130663428,-1.7146642651859991
-13.425472051790445,1.7231738520140696,-1.7146642651859991
-13.42849072371379,1.7023365733647111,-1.7146642651859991
-13.431509395637134,1.6814992947153526,-1.7146642651859991
-13.434528067560478,1.6606620160659942,-1.7146642651859991
-13.437546739483825,1.6398247374166357,-1.7146642651859991
-13.440565411407169,1.6189874587672772,-1.7146642651859991
-13.443584083330514,1.5981501801179188,-1.7146642651859991
-13.446602755253858,1.5773129014685603,-1.7146642651859991
-13.449621427177203,1.5564756228192018,-1.7146642651859991
-13.452640099100547,1.5356383441698431,-1.7146642651859991
-13.455658771023892,1.5148010655204847,-1.7146642651859991
-13.458677442947236,1.4939637868711264,-1.7146642651859991
-13.46169611487058,1.473126508221768,-1.7146642651859991
-13.464714786793927,1.4522892295724095,-1.7146642651859991
-13.467733458717271,1.431451950923051,-1.7146642651859991
-13.470752130640616,1.4106146722736925,-1.7146642651859991
-13.47377080256396,1.389777393624334,-1.7146642651859991
-13.476789474487305,1.3689401149749756,-1.7146642651859991
-13.467694405281899,1.3550067160389212,-0.9924881520913942
-13.45859933607649,1.3410733171028666,-0.9924881520913942
-13.449504266871084,1.3271399181668122,-0.9924881520913942
-13.440409197665677,1.3132065192307576,-0.9924881520913942
-13.43131412846027,1.2992731202947032,-0.9924881520913942
-13.422219059254864,1.2853397213586486,-0.9924881520913942
-13.413123990049456,1.2714063224225942,-0.9924881520913942
-13.40402892084405,1.2574729234865396,-0.9924881520913942
-13.394933851638642,1.2435395245504852,-0.9924881520913942
-13.385838782433236,1.2296061256144306,-0.9924881520913942
-13.37674371322783,1.2156727266783762,-0.9924881520913942
-13.367648644022422,1.2017393277423216,-0.9924881520913942
-13.358553574817016,1.1878059288062672,-0.9924881520913942
-13.349458505611608,1.1738725298702126,-0.9924881520913942
-13.340363436406202,1.1599391309341582,-0.9924881520913942
-13.331268367200796,1.1460057319981036,-0.9924881520913942
-13.322173297995388,1.1320723330620492,-0.9924881520913942
-13.313078228789982,1.1181389341259946,-0.9924881520913942
-13.303983159584574,1.1042055351899402,-0.9924881520913942
-13.294888090379168,1.0902721362538856,-0.9924881520913942
-13.28579302117376,1.0763387373178313,-0.9924881520913942
-13.276697951968353,1.0624053383817766,-0.9924881520913942
-13.267602882762947,1.0484719394457223,-0.9924881520913942
-13.25850781355754,1.0345385405096676,-0.9924881520913942
-13.249412744352133,1.0206051415736133,-0.9924881520913942
-13.240317675146725,1.0066717426375587,-0.9924881520913942
-13.23122260594132,0.9927383437015043,-0.9924881520913942
-13.222127536735913,0.9788049447654497,-0.9924881520913942
-13.213032467530505,0.9648715458293953,-0.9924881520913942
-13.203937398325099,0.9509381468933408,-0.9924881520913942
-13.194842329119691,0.9370047479572863,-0.9924881520913942
-13.185747259914285,0.9230713490212318,-0.9924881520913942
-13.176652190708879,0.9091379500851773,-0.9924881520913942
-13.16755712150347,0.8952045511491227,-0.9924881520913942
-13.158462052298065,0.8812711522130683,-0.9924881520913942
-13.149366983092657,0.8673377532770138,-0.9924881520913942
-13.14027191388725,0.8534043543409593,-0.9924881520913942
-13.131176844681844,0.8394709554049048,-0.9924881520913942
-13.122081775476437,0.8255375564688503,-0.9924881520913942
-13.11298670627103,0.8116041575327958,-0.9924881520913942
-13.103891637065622,0.7976707585967413,-0.9924881520913942
-13.094796567860216,0.7837373596606868,-0.9924881520913942
-13.08570149865481,0.7698039607246323,-0.9924881520913942
-13.076606429449402,0.7558705617885778,-0.9924881520913942
-13.067511360243996,0.7419371628525233,-0.9924881520913942
-13.058416291038588,0.7280037639164688,-0.9924881520913942
-13.049321221833182,0.7140703649804143,-0.9924881520913942
-13.040226152627776,0.7001369660443599,-0.9924881520913942
-13.031131083422368,0.6862035671083054,-0.9924881520913942
-13.022036014216962,0.6722701681722509,-0.9924881520913942
-13.012940945011554,0.6583367692361963,-0.9924881520913942
-13.003845875806148,0.6444033703001418,-0.9924881520913942
-12.99475080660074,0.6304699713640873,-0.9924881520913942
-12.985655737395334,0.6165365724280328,-0.9924881520913942
-12.976560668189927,0.6026031734919783,-0.9924881520913942
-12.96746559898452,0.5886697745559238,-0.9924881520913942
-12.958370529779113,0.5747363756198695,-0.9924881520913942
-12.949275460573705,0.560802976683815,-0.9924881520913942
-12.9401803913683,0.5468695777477605,-0.9924881520913942
-12.931085322162893,0.532936178811706,-0.9924881520913942
-12.921990252957485,0.5190027798756515,-0.9924881520913942
-12.91289518375208,0.505069380939597,-0.9924881520913942
-12.903800114546671,0.49113598200354247,-0.9924881520913942
-12.894705045341265,0.477202583067488,-0.9924881520913942
-12.885609976135859,0.4632691841314335,-0.9924881520913942
-12.876514906930451,0.449335785195379,-0.9924881520913942
-12.867419837725045,0.4354023862593245,-0.9924881520913942
-12.858324768519637,0.4214689873232699,-0.9924881520913942
-12.84922969931423,0.4075355883872154,-0.9924881520913942
-12.840134630108825,0.3936021894511611,-0.9924881520913942
-12.831039560903417,0.3796687905151066,-0.9924881520913942
-12.82194449169801,0.365735391579052,-0.9924881520913942
-12.812849422492603,0.3518019926429976,-0.9924881520913942
-12.803754353287196,0.337868593706943,-0.9924881520913942
-12.79465928408179,0.3239351947708886,-0.9924881520913942
-12.785564214876382,0.310001795834834,-0.9924881520913942
-12.776469145670976,0.2960683968987796,-0.9924881520913942
-12.767374076465568,0.282134997962725,-0.9924881520913942
-12.758279007260162,0.2682015990266704,-0.9924881520913942
-12.749183938054756,0.254268200090616,-0.9924881520913942
-12.740088868849348,0.2403348011545614,-0.9924881520913942
-12.730993799643942,0.22640140221850702,-0.9924881520913942
-12.721898730438534,0.21246800328245263,-0.9924881520913942
-12.712803661233128,0.19853460434639802,-0.9924881520913942
-12.70370859202772,0.18460120541034364,-0.9924881520913942
-12.694613522822314,0.17066780647428903,-0.9924881520913942
-12.685518453616908,0.15673440753823464,-0.9924881520913942
-12.6764233844115,0.14280100860218004,-0.9924881520913942
-12.667328315206094,0.12886760966612565,-0.9924881520913942
-12.658233246000686,0.11493421073007104,-0.9924881520913942
-12.64913817679528,0.10100081179401665,-0.9924881520913942
-12.640043107589873,0.08706741285796205,-0.9924881520913942
-12.630948038384465,0.07313401392190766,-0.9924881520913942
-12.62185296917906,0.05920061498585305,-0.9924881520913942
-12.612757899973651,0.045267216049798664,-0.9924881520913942
-12.603662830768245,0.03133381711374428,-0.9924881520913942
-12.594567761562839,0.01740041817768967,-0.9924881520913942
-12.585472692357431,0.003467019241635283,-0.9924881520913942
-12.576377623152025,-0.010466379694419325,-0.9924881520913942
-12.567282553946617,-0.024399778630473712,-0.9924881520913942
-12.558187484741211,-0.03833317756652832,-0.9924881520913942
-12.529700524736159,-0.04303093475870567,-0.1634380670923019
-12.501213564731106,-0.047728691950883015,-0.1634380670923019
-12.472726604726056,-0.05242644914306036,-0.1634380670923019
-12.444239644721003,-0.05712420633523771,-0.1634380670923019
-12.415752684715951,-0.061821963527415064,-0.1634380670923019
-12.387265724710899,-0.0665197207195924,-0.1634380670923019
-12.358778764705846,-0.07121747791176976,-0.1634380670923019
-12.330291804700796,-0.0759152351039471,-0.1634380670923019
-12.301804844695743,-0.08061299229612445,-0.1634380670923019
-12.273317884690691,-0.0853107494883018,-0.1634380670923019
-12.244830924685639,-0.09000850668047915,-0.1634380670923019
-12.216343964680586,-0.09470626387265649,-0.1634380670923019
-12.187857004675534,-0.09940402106483384,-0.1634380670923019
-12.159370044670483,-0.1041017782570112,-0.1634380670923019
-12.130883084665431,-0.10879953544918854,-0.1634380670923019
-12.102396124660379,-0.11349729264136588,-0.1634380670923019
-12.073909164655326,-0.11819504983354323,-0.1634380670923019
-12.045422204650274,-0.12289280702572057,-0.1634380670923019
-12.016935244645223,-0.12759056421789794,-0.1634380670923019
-11.988448284640171,-0.1322883214100753,-0.1634380670923019
-11.959961324635119,-0.13698607860225262,-0.1634380670923019
-11.931474364630066,-0.14168383579442997,-0.1634380670923019
-11.902987404625014,-0.1463815929866073,-0.1634380670923019
-11.874500444619963,-0.15107935017878465,-0.1634380670923019
-11.846013484614911,-0.155777107370962,-0.1634380670923019
-11.817526524609859,-0.16047486456313936,-0.1634380670923019
-11.789039564604806,-0.16517262175531672,-0.1634380670923019
-11.760552604599754,-0.16987037894749407,-0.1634380670923019
-11.732065644594702,-0.1745681361396714,-0.1634380670923019
-11.703578684589651,-0.17926589333184875,-0.1634380670923019
-11.675091724584599,-0.1839636505240261,-0.1634380670923019
-11.646604764579546,-0.18866140771620343,-0.1634380670923019
-11.618117804574494,-0.1933591649083808,-0.1634380670923019
-11.589630844569442,-0.19805692210055814,-0.1634380670923019
-11.561143884564391,-0.20275467929273547,-0.1634380670923019
-11.532656924559339,-0.20745243648491282,-0.1634380670923019
-11.504169964554286,-0.21215019367709018,-0.1634380670923019
-11.475683004549234,-0.21684795086926753,-0.1634380670923019
-11.447196044544182,-0.22154570806144488,-0.1634380670923019
-11.418709084539131,-0.22624346525362224,-0.1634380670923019
-11.390222124534079,-0.2309412224457996,-0.1634380670923019
-11.361735164529026,-0.23563897963797692,-0.1634380670923019
-11.333248204523974,-0.24033673683015427,-0.1634380670923019
-11.304761244518922,-0.24503449402233163,-0.1634380670923019
-11.276274284513871,-0.24973225121450895,-0.1634380670923019
-11.247787324508819,-0.2544300084066863,-0.1634380670923019
-11.219300364503766,-0.25912776559886364,-0.1634380670923019
-11.190813404498714,-0.263825522791041,-0.1634380670923019
-11.162326444493662,-0.26852327998321834,-0.1634380670923019
-11.13383948448861,-0.2732210371753957,-0.1634380670923019
-11.105352524483559,-0.27791879436757305,-0.1634380670923019
-11.076865564478506,-0.2826165515597504,-0.1634380670923019
-11.048378604473454,-0.28731430875192776,-0.1634380670923019
-11.019891644468402,-0.2920120659441051,-0.1634380670923019
-10.99140468446335,-0.29670982313628247,-0.1634380670923019
-10.962917724458297,-0.3014075803284598,-0.1634380670923019
-10.934430764453246,-0.3061053375206371,-0.1634380670923019
-10.905943804448194,-0.3108030947128145,-0.1634380670923019
-10.877456844443142,-0.31550085190499183,-0.1634380670923019
-10.84896988443809,-0.3201986090971692,-0.1634380670923019
-10.820482924433037,-0.32489636628934654,-0.1634380670923019
-10.791995964427986,-0.3295941234815239,-0.1634380670923019
-10.763509004422934,-0.33429188067370125,-0.1634380670923019
-10.735022044417882,-0.33898963786587855,-0.1634380670923019
-10.70653508441283,-0.3436873950580559,-0.1634380670923019
-10.678048124407777,-0.34838515225023325,-0.1634380670923019
-10.649561164402726,-0.3530829094424106,-0.1634380670923019
-10.621074204397674,-0.35778066663458796,-0.1634380670923019
-10.592587244392622,-0.3624784238267653,-0.1634380670923019
-10.56410028438757,-0.3671761810189426,-0.1634380670923019
-10.535613324382517,-0.37187393821111997,-0.1634380670923019
-10.507126364377466,-0.3765716954032973,-0.1634380670923019
-10.478639404372414,-0.3812694525954747,-0.1634380670923019
-10.450152444367362,-0.38596720978765203,-0.1634380670923019
-10.42166548436231,-0.3906649669798294,-0.1634380670923019
-10.393178524357257,-0.39536272417200674,-0.1634380670923019
-10.364691564352206,-0.4000604813641841,-0.1634380670923019
-10.336204604347154,-0.40475823855636145,-0.1634380670923019
-10.307717644342102,-0.4094559957485388,-0.1634380670923019
-10.27923068433705,-0.41415375294071616,-0.1634380670923019
-10.250743724331997,-0.4188515101328935,-0.1634380670923019
-10.222256764326945,-0.42354926732507087,-0.1634380670923019
-10.193769804321894,-0.42824702451724816,-0.1634380670923019
-10.165282844316842,-0.4329447817094255,-0.1634380670923019
-10.13679588431179,-0.4376425389016029,-0.1634380670923019
-10.108308924306737,-0.4423402960937802,-0.1634380670923019
-10.079821964301686,-0.4470380532859576,-0.1634380670923019
-10.051335004296632,-0.45173581047813494,-0.1634380670923019
-10.022848044291582,-0.45643356767031223,-0.1634380670923019
-9.99436108428653,-0.4611313248624896,-0.1634380670923019
-9.965874124281477,-0.46582908205466694,-0.1634380670923019
-9.937387164276425,-0.4705268392468443,-0.1634380670923019
-9.908900204271372,-0.47522459643902165,-0.1634380670923019
-9.880413244266322,-0.479922353631199,-0.1634380670923019
-9.85192628426127,-0.4846201108233763,-0.1634380670923019
-9.823439324256217,-0.48931786801555366,-0.1634380670923019
-9.794952364251165,-0.494015625207731,-0.1634380670923019
-9.766465404246112,-0.49871338239990837,-0.1634380670923019
-9.737978444241062,-0.5034111395920857,-0.1634380670923019
-9.70949148423601,-0.5081088967842631,-0.1634380670923019
-9.681004524230957,-0.5128066539764404,-0.1634380670923019
-9.64695940395393,-0.5172160781256043,-0.1288000684203518
-9.612914283676902,-0.5216255022747682,-0.1288000684203518
-9.578869163399876,-0.526034926423932,-0.1288000684203518
-9.54482404312285,-0.5304443505730959,-0.1288000684203518
-9.510778922845821,-0.5348537747222598,-0.1288000684203518
-9.476733802568795,-0.5392631988714237,-0.1288000684203518
-9.442688682291767,-0.5436726230205876,-0.1288000684203518
-9.40864356201474,-0.5480820471697515,-0.1288000684203518
-9.374598441737714,-0.5524914713189153,-0.1288000684203518
-9.340553321460686,-0.5569008954680792,-0.1288000684203518
-9.306508201183659,-0.5613103196172431,-0.1288000684203518
-9.272463080906633,-0.565719743766407,-0.1288000684203518
-9.238417960629604,-0.5701291679155709,-0.1288000684203518
-9.204372840352578,-0.5745385920647348,-0.1288000684203518
-9.170327720075552,-0.5789480162138986,-0.1288000684203518
-9.136282599798523,-0.5833574403630625,-0.1288000684203518
-9.102237479521497,-0.5877668645122264,-0.1288000684203518
-9.068192359244469,-0.5921762886613903,-0.1288000684203518
-9.034147238967442,-0.5965857128105542,-0.1288000684203518
-9.000102118690416,-0.600995136959718,-0.1288000684203518
-8.966056998413388,-0.6054045611088819,-0.1288000684203518
-8.932011878136361,-0.6098139852580458,-0.1288000684203518
-8.897966757859335,-0.6142234094072097,-0.1288000684203518
-8.863921637582306,-0.6186328335563736,-0.1288000684203518
-8.82987651730528,-0.6230422577055375,-0.1288000684203518
-8.795831397028252,-0.6274516818547012,-0.1288000684203518
-8.761786276751225,-0.6318611060038651,-0.1288000684203518
-8.727741156474199,-0.636270530153029,-0.1288000684203518
-8.69369603619717,-0.6406799543021929,-0.1288000684203518
-8.659650915920144,-0.6450893784513567,-0.1288000684203518
-8.625605795643118,-0.6494988026005206,-0.1288000684203518
-8.59156067536609,-0.6539082267496845,-0.1288000684203518
-8.557515555089063,-0.6583176508988484,-0.1288000684203518
-8.523470434812037,-0.6627270750480123,-0.1288000684203518
-8.489425314535008,-0.6671364991971762,-0.1288000684203518
-8.455380194257982,-0.6715459233463401,-0.1288000684203518
-8.421335073980956,-0.675955347495504,-0.1288000684203518
-8.387289953703927,-0.6803647716446678,-0.1288000684203518
-8.353244833426901,-0.6847741957938317,-0.1288000684203518
-8.319199713149873,-0.6891836199429956,-0.1288000684203518
-8.285154592872846,-0.6935930440921595,-0.1288000684203518
-8.25110947259582,-0.6980024682413233,-0.1288000684203518
-8.217064352318792,-0.7024118923904872,-0.1288000684203518
-8.183019232041765,-0.7068213165396511,-0.1288000684203518
-8.148974111764737,-0.711230740688815,-0.1288000684203518
-8.11492899148771,-0.7156401648379789,-0.1288000684203518
-8.080883871210684,-0.7200495889871428,-0.1288000684203518
-8.046838750933656,-0.7244590131363066,-0.1288000684203518
-8.01279363065663,-0.7288684372854705,-0.1288000684203518
-7.978748510379603,-0.7332778614346344,-0.1288000684203518
-7.944703390102575,-0.7376872855837983,-0.1288000684203518
-7.910658269825548,-0.7420967097329622,-0.1288000684203518
-7.876613149548521,-0.746506133882126,-0.1288000684203518
-7.842568029271494,-0.7509155580312898,-0.1288000684203518
-7.808522908994467,-0.7553249821804537,-0.1288000684203518
-7.77447778871744,-0.7597344063296176,-0.1288000684203518
-7.7404326684404126,-0.7641438304787815,-0.1288000684203518
-7.706387548163386,-0.7685532546279454,-0.1288000684203518
-7.672342427886359,-0.7729626787771093,-0.1288000684203518
-7.6382973076093315,-0.7773721029262731,-0.1288000684203518
-7.604252187332305,-0.781781527075437,-0.1288000684203518
-7.570207067055277,-0.7861909512246009,-0.1288000684203518
-7.53616194677825,-0.7906003753737648,-0.1288000684203518
-7.502116826501223,-0.7950097995229286,-0.1288000684203518
-7.468071706224196,-0.7994192236720925,-0.1288000684203518
-7.434026585947169,-0.8038286478212564,-0.1288000684203518
-7.399981465670142,-0.8082380719704203,-0.1288000684203518
-7.365936345393115,-0.8126474961195842,-0.1288000684203518
-7.331891225116087,-0.8170569202687481,-0.1288000684203518
-7.297846104839061,-0.821466344417912,-0.1288000684203518
-7.2638009845620335,-0.8258757685670758,-0.1288000684203518
-7.229755864285007,-0.8302851927162397,-0.1288000684203518
-7.195710744007979,-0.8346946168654036,-0.1288000684203518
-7.161665623730952,-0.8391040410145675,-0.1288000684203518
-7.127620503453925,-0.8435134651637313,-0.1288000684203518
-7.093575383176898,-0.8479228893128952,-0.1288000684203518
-7.059530262899871,-0.8523323134620591,-0.1288000684203518
-7.025485142622844,-0.856741737611223,-0.1288000684203518
-6.991440022345817,-0.8611511617603869,-0.1288000684203518
-6.957394902068789,-0.8655605859095508,-0.1288000684203518
-6.923349781791762,-0.8699700100587147,-0.1288000684203518
-6.8893046615147355,-0.8743794342078786,-0.1288000684203518
-6.855259541237709,-0.8787888583570423,-0.1288000684203518
-6.821214420960681,-0.8831982825062062,-0.1288000684203518
-6.787169300683654,-0.88760770665537,-0.1288000684203518
-6.753124180406627,-0.8920171308045339,-0.1288000684203518
-6.7190790601296,-0.8964265549536978,-0.1288000684203518
-6.685033939852573,-0.9008359791028617,-0.1288000684203518
-6.650988819575546,-0.9052454032520256,-0.1288000684203518
-6.616943699298519,-0.9096548274011895,-0.1288000684203518
-6.582898579021491,-0.9140642515503534,-0.1288000684203518
-6.548853458744464,-0.9184736756995173,-0.1288000684203518
-6.514808338467438,-0.9228830998486812,-0.1288000684203518
-6.48076321819041,-0.9272925239978451,-0.1288000684203518
-6.446718097913383,-0.9317019481470089,-0.1288000684203518
-6.4126729776363565,-0.9361113722961727,-0.1288000684203518
-6.378627857359329,-0.9405207964453366,-0.1288000684203518
-6.344582737082302,-0.9449302205945005,-0.1288000684203518
-6.310537616805275,-0.9493396447436644,-0.1288000684203518
-6.276492496528248,-0.9537490688928283,-0.1288000684203518
-6.242447376251221,-0.9581584930419922,-0.1288000684203518
-6.183586975135426,-0.9639661382920671,-0.09834978844793468
-6.12472657401963,-0.969773783542142,-0.09834978844793468
-6.065866172903835,-0.975581428792217,-0.09834978844793468
-6.00700577178804,-0.9813890740422919,-0.09834978844793468
-5.948145370672245,-0.9871967192923669,-0.09834978844793468
-5.889284969556449,-0.9930043645424418,-0.09834978844793468
-5.830424568440654,-0.9988120097925167,-0.09834978844793468
-5.771564167324859,-1.0046196550425917,-0.09834978844793468
-5.7127037662090645,-1.0104273002926667,-0.09834978844793468
-5.653843365093269,-1.0162349455427415,-0.09834978844793468
-5.594982963977474,-1.0220425907928166,-0.09834978844793468
-5.536122562861679,-1.0278502360428914,-0.09834978844793468
-5.477262161745884,-1.0336578812929664,-0.09834978844793468
-5.418401760630088,-1.0394655265430413,-0.09834978844793468
-5.359541359514293,-1.0452731717931163,-0.09834978844793468
-5.300680958398498,-1.0510808170431911,-0.09834978844793468
-5.241820557282702,-1.0568884622932662,-0.09834978844793468
-5.182960156166907,-1.062696107543341,-0.09834978844793468
-5.1240997550511125,-1.068503752793416,-0.09834978844793468
-5.065239353935317,-1.0743113980434909,-0.09834978844793468
-5.006378952819523,-1.080119043293566,-0.09834978844793468
-4.947518551703727,-1.0859266885436407,-0.09834978844793468
-4.888658150587932,-1.0917343337937158,-0.09834978844793468
-4.829797749472137,-1.0975419790437906,-0.09834978844793468
-4.770937348356341,-1.1033496242938656,-0.09834978844793468
-4.712076947240546,-1.1091572695439404,-0.09834978844793468
-4.653216546124751,-1.1149649147940155,-0.09834978844793468
-4.594356145008955,-1.1207725600440903,-0.09834978844793468
-4.535495743893161,-1.1265802052941654,-0.09834978844793468
-4.4766353427773655,-1.1323878505442402,-0.09834978844793468
-4.417774941661571,-1.1381954957943152,-0.09834978844793468
-4.358914540545776,-1.14400314104439,-0.09834978844793468
-4.30005413942998,-1.149810786294465,-0.09834978844793468
-4.241193738314185,-1.15561843154454,-0.09834978844793468
-4.18233333719839,-1.161426076794615,-0.09834978844793468
-4.123472936082594,-1.1672337220446898,-0.09834978844793468
-4.064612534966799,-1.1730413672947648,-0.09834978844793468
-4.005752133851004,-1.1788490125448396,-0.09834978844793468
-3.946891732735209,-1.1846566577949147,-0.09834978844793468
-3.8880313316194135,-1.1904643030449895,-0.09834978844793468
-3.8291709305036186,-1.1962719482950646,-0.09834978844793468
-3.7703105293878236,-1.2020795935451394,-0.09834978844793468
-3.7114501282720282,-1.2078872387952144,-0.09834978844793468
-3.652589727156233,-1.2136948840452892,-0.09834978844793468
-3.593729326040438,-1.2195025292953643,-0.09834978844793468
-3.5348689249246426,-1.2253101745454391,-0.09834978844793468
-3.4760085238088476,-1.2311178197955142,-0.09834978844793468
-3.4171481226930527,-1.236925465045589,-0.09834978844793468
-3.3582877215772573,-1.242733110295664,-0.09834978844793468
-3.299427320461462,-1.2485407555457388,-0.09834978844793468
-3.240566919345667,-1.254348400795814,-0.09834978844793468
-3.1817065182298716,-1.2601560460458887,-0.09834978844793468
-3.1228461171140762,-1.2659636912959638,-0.09834978844793468
-3.0639857159982813,-1.2717713365460386,-0.09834978844793468
-3.005125314882486,-1.2775789817961136,-0.09834978844793468
-2.9462649137666905,-1.2833866270461884,-0.09834978844793468
-2.887404512650896,-1.2891942722962635,-0.09834978844793468
-2.828544111535101,-1.2950019175463383,-0.09834978844793468
-2.7696837104193057,-1.3008095627964134,-0.09834978844793468
-2.7108233093035103,-1.3066172080464882,-0.09834978844793468
-2.6519629081877154,-1.3124248532965632,-0.09834978844793468
-2.59310250707192,-1.318232498546638,-0.09834978844793468
-2.5342421059561246,-1.324040143796713,-0.09834978844793468
-2.4753817048403297,-1.329847789046788,-0.09834978844793468
-2.4165213037245343,-1.335655434296863,-0.09834978844793468
-2.357660902608739,-1.341463079546938,-0.09834978844793468
-2.298800501492944,-1.3472707247970128,-0.09834978844793468
-2.239940100377149,-1.3530783700470876,-0.09834978844793468
-2.1810796992613533,-1.3588860152971627,-0.09834978844793468
-2.122219298145559,-1.3646936605472375,-0.09834978844793468
-2.0633588970297634,-1.3705013057973126,-0.09834978844793468
-2.0044984959139684,-1.3763089510473874,-0.09834978844793468
-1.9456380947981735,-1.3821165962974624,-0.09834978844793468
-1.8867776936823777,-1.3879242415475372,-0.09834978844793468
-1.8279172925665828,-1.3937318867976123,-0.09834978844793468
-1.7690568914507878,-1.399539532047687,-0.09834978844793468
-1.710196490334992,-1.4053471772977622,-0.09834978844793468
-1.651336089219197,-1.4111548225478372,-0.09834978844793468
-1.5924756881034021,-1.416962467797912,-0.09834978844793468
-1.5336152869876063,-1.4227701130479868,-0.09834978844793468
-1.4747548858718114,-1.4285777582980619,-0.09834978844793468
-1.4158944847560164,-1.434385403548137,-0.09834978844793468
-1.3570340836402215,-1.4401930487982118,-0.09834978844793468
-1.2981736825244266,-1.4460006940482866,-0.09834978844793468
-1.2393132814086307,-1.4518083392983616,-0.09834978844793468
-1.1804528802928358,-1.4576159845484364,-0.09834978844793468
-1.1215924791770409,-1.4634236297985115,-0.09834978844793468
-1.062732078061245,-1.4692312750485863,-0.09834978844793468
-1.00387167694545,-1.4750389202986613,-0.09834978844793468
-0.9450112758296552,-1.4808465655487364,-0.09834978844793468
-0.8861508747138602,-1.4866542107988112,-0.09834978844793468
-0.8272904735980644,-1.492461856048886,-0.09834978844793468
-0.7684300724822695,-1.498269501298961,-0.09834978844793468
-0.7095696713664745,-1.5040771465490361,-0.09834978844793468
-0.6507092702506796,-1.509884791799111,-0.09834978844793468
-0.5918488691348847,-1.5156924370491858,-0.09834978844793468
-0.5329884680190888,-1.5215000822992608,-0.09834978844793468
-0.4741280669032939,-1.5273077275493359,-0.09834978844793468
-0.41526766578749896,-1.5331153727994107,-0.09834978844793468
-0.35640726467170314,-1.5389230180494855,-0.09834978844793468
-0.2975468635559082,-1.5447306632995605,-0.09834978844793468
-0.2527611468097951,-1.5499843087526832,-0.11677259646369986
-0.20797543006368202,-1.5552379542058057,-0.11677259646369986
-0.16318971331756896,-1.5604915996589284,-0.11677259646369986
-0.11840399657145584,-1.5657452451120508,-0.11677259646369986
-0.07361827982534275,-1.5709988905651735,-0.11677259646369986
-0.02883256307922971,-1.576252536018296,-0.11677259646369986
0.015953153666883435,-1.5815061814714186,-0.11677259646369986
0.060738870412996526,-1.5867598269245413,-0.11677259646369986
0.10552458715910956,-1.5920134723776638,-0.11677259646369986
0.1503103039052227,-1.5972671178307865,-0.11677259646369986
0.19509602065133574,-1.602520763283909,-0.11677259646369986
0.23988173739744878,-1.6077744087370316,-0.11677259646369986
0.284667454143562,-1.613028054190154,-0.11677259646369986
0.3294531708896751,-1.6182816996432767,-0.11677259646369986
0.37423888763578805,-1.6235353450963992,-0.11677259646369986
0.41902460438190126,-1.6287889905495219,-0.11677259646369986
0.46381032112801435,-1.6340426360026445,-0.11677259646369986
0.5085960378741273,-1.639296281455767,-0.11677259646369986
0.5533817546202404,-1.6445499269088897,-0.11677259646369986
0.5981674713663536,-1.6498035723620121,-0.11677259646369986
0.6429531881124666,-1.6550572178151348,-0.11677259646369986
0.6877389048585797,-1.6603108632682573,-0.11677259646369986
0.7325246216046928,-1.66556450872138,-0.11677259646369986
0.7773103383508058,-1.6708181541745026,-0.11677259646369986
0.822096055096919,-1.676071799627625,-0.11677259646369986
0.8668817718430322,-1.6813254450807478,-0.11677259646369986
0.9116674885891451,-1.6865790905338702,-0.11677259646369986
0.9564532053352583,-1.691832735986993,-0.11677259646369986
1.0012389220813713,-1.6970863814401154,-0.11677259646369986
1.0460246388274843,-1.702340026893238,-0.11677259646369986
1.0908103555735975,-1.7075936723463605,-0.11677259646369986
1.1355960723197107,-1.7128473177994832,-0.11677259646369986
1.1803817890658237,-1.7181009632526059,-0.11677259646369986
1.225167505811937,-1.7233546087057283,-0.11677259646369986
1.2699532225580497,-1.728608254158851,-0.11677259646369986
1.3147389393041629,-1.7338618996119735,-0.11677259646369986
1.359524656050276,-1.7391155450650961,-0.11677259646369986
1.404310372796389,-1.7443691905182188,-0.11677259646369986
1.4490960895425022,-1.7496228359713413,-0.11677259646369986
1.4938818062886154,-1.754876481424464,-0.11677259646369986
1.5386675230347284,-1.7601301268775864,-0.11677259646369986
1.5834532397808414,-1.765383772330709,-0.11677259646369986
1.6282389565269546,-1.7706374177838315,-0.11677259646369986
1.6730246732730676,-1.7758910632369542,-0.11677259646369986
1.7178103900191806,-1.7811447086900767,-0.11677259646369986
1.7625961067652938,-1.7863983541431994,-0.11677259646369986
1.807381823511407,-1.791651999596322,-0.11677259646369986
1.8521675402575197,-1.7969056450494445,-0.11677259646369986
1.896953257003633,-1.802159290502567,-0.11677259646369986
1.9417389737497461,-1.8074129359556896,-0.11677259646369986
1.9865246904958593,-1.8126665814088123,-0.11677259646369986
2.0313104072419725,-1.817920226861935,-0.11677259646369986
2.0760961239880857,-1.8231738723150575,-0.11677259646369986
2.1208818407341985,-1.82842751776818,-0.11677259646369986
2.1656675574803117,-1.8336811632213026,-0.11677259646369986
2.210453274226425,-1.8389348086744253,-0.11677259646369986
2.2552389909725377,-1.8441884541275477,-0.11677259646369986
2.300024707718651,-1.8494420995806702,-0.11677259646369986
2.3448104244647636,-1.8546957450337929,-0.11677259646369986
2.389596141210877,-1.8599493904869155,-0.11677259646369986
2.43438185795699,-1.8652030359400382,-0.11677259646369986
2.4791675747031032,-1.8704566813931607,-0.11677259646369986
2.5239532914492164,-1.8757103268462831,-0.11677259646369986
2.5687390081953296,-1.8809639722994058,-0.11677259646369986
2.6135247249414424,-1.8862176177525285,-0.11677259646369986
2.6583104416875556,-1.891471263205651,-0.11677259646369986
2.703096158433669,-1.8967249086587736,-0.11677259646369986
2.747881875179782,-1.901978554111896,-0.11677259646369986
2.792667591925895,-1.9072321995650188,-0.11677259646369986
2.8374533086720075,-1.9124858450181415,-0.11677259646369986
2.8822390254181207,-1.917739490471264,-0.11677259646369986
2.927024742164234,-1.9229931359243864,-0.11677259646369986
2.971810458910347,-1.928246781377509,-0.11677259646369986
3.0165961756564603,-1.9335004268306317,-0.11677259646369986
3.0613818924025735,-1.9387540722837542,-0.11677259646369986
3.1061676091486863,-1.9440077177368769,-0.11677259646369986
3.1509533258947995,-1.9492613631899993,-0.11677259646369986
3.1957390426409127,-1.954515008643122,-0.11677259646369986
3.240524759387026,-1.9597686540962447,-0.11677259646369986
3.285310476133139,-1.9650222995493671,-0.11677259646369986
3.3300961928792523,-1.9702759450024898,-0.11677259646369986
3.374881909625365,-1.9755295904556123,-0.11677259646369986
3.419667626371478,-1.980783235908735,-0.11677259646369986
3.464453343117591,-1.9860368813618574,-0.11677259646369986
3.509239059863704,-1.99129052681498,-0.11677259646369986
3.5540247766098174,-1.9965441722681025,-0.11677259646369986
3.59881049335593,-2.0017978177212252,-0.11677259646369986
3.6435962101020434,-2.007051463174348,-0.11677259646369986
3.6883819268481566,-2.0123051086274706,-0.11677259646369986
3.7331676435942693,-2.017558754080593,-0.11677259646369986
3.7779533603403825,-2.0228123995337155,-0.11677259646369986
3.8227390770864957,-2.028066044986838,-0.11677259646369986
3.867524793832609,-2.033319690439961,-0.11677259646369986
3.912310510578722,-2.0385733358930835,-0.11677259646369986
3.9570962273248353,-2.0438269813462058,-0.11677259646369986
4.001881944070948,-2.0490806267993285,-0.11677259646369986
4.046667660817061,-2.054334272252451,-0.11677259646369986
4.091453377563174,-2.0595879177055734,-0.11677259646369986
4.136239094309287,-2.064841563158696,-0.11677259646369986
4.1810248110554005,-2.0700952086118187,-0.11677259646369986
4.225810527801514,-2.0753488540649414,-0.11677259646369986
4.269360089066005,-2.079917577233645,-0.10452624588128148
4.3129096503304964,-2.0844863004023484,-0.10452624588128148
4.356459211594988,-2.0890550235710523,-0.10452624588128148
4.400008772859479,-2.093623746739756,-0.10452624588128148
4.443558334123971,-2.0981924699084593,-0.10452624588128148
4.487107895388462,-2.102761193077163,-0.10452624588128148
4.530657456652953,-2.1073299162458667,-0.10452624588128148
4.574207017917444,-2.1118986394145702,-0.10452624588128148
4.617756579181935,-2.1164673625832737,-0.10452624588128148
4.661306140446427,-2.121036085751977,-0.10452624588128148
4.704855701710918,-2.1256048089206807,-0.10452624588128148
4.748405262975409,-2.1301735320893846,-0.10452624588128148
4.791954824239901,-2.134742255258088,-0.10452624588128148
4.835504385504392,-2.1393109784267916,-0.10452624588128148
4.879053946768884,-2.143879701595495,-0.10452624588128148
4.922603508033375,-2.148448424764199,-0.10452624588128148
4.966153069297866,-2.1530171479329026,-0.10452624588128148
5.009702630562357,-2.157585871101606,-0.10452624588128148
5.053252191826848,-2.1621545942703095,-0.10452624588128148
5.09680175309134,-2.166723317439013,-0.10452624588128148
5.140351314355831,-2.171292040607717,-0.10452624588128148
5.183900875620322,-2.1758607637764205,-0.10452624588128148
5.227450436884814,-2.180429486945124,-0.10452624588128148
5.270999998149305,-2.1849982101138274,-0.10452624588128148
5.314549559413797,-2.189566933282531,-0.10452624588128148
5.358099120678288,-2.194135656451235,-0.10452624588128148
5.401648681942779,-2.1987043796199384,-0.10452624588128148
5.445198243207271,-2.203273102788642,-0.10452624588128148
5.488747804471762,-2.2078418259573453,-0.10452624588128148
5.5322973657362535,-2.212410549126049,-0.10452624588128148
5.575846927000745,-2.216979272294753,-0.10452624588128148
5.619396488265236,-2.2215479954634563,-0.10452624588128148
5.662946049529728,-2.2261167186321598,-0.10452624588128148
5.706495610794219,-2.2306854418008633,-0.10452624588128148
5.75004517205871,-2.235254164969567,-0.10452624588128148
5.793594733323201,-2.2398228881382707,-0.10452624588128148
5.837144294587692,-2.244391611306974,-0.10452624588128148
5.880693855852184,-2.2489603344756777,-0.10452624588128148
5.924243417116675,-2.253529057644381,-0.10452624588128148
5.9677929783811665,-2.258097780813085,-0.10452624588128148
6.011342539645658,-2.2626665039817886,-0.10452624588128148
6.054892100910148,-2.267235227150492,-0.10452624588128148
6.09844166217464,-2.2718039503191956,-0.10452624588128148
6.141991223439131,-2.2763726734878995,-0.10452624588128148
6.185540784703623,-2.280941396656603,-0.10452624588128148
6.229090345968114,-2.2855101198253065,-0.10452624588128148
6.272639907232605,-2.29007884299401,-0.10452624588128148
6.316189468497097,-2.2946475661627135,-0.10452624588128148
6.359739029761588,-2.2992162893314174,-0.10452624588128148
6.4032885910260795,-2.303785012500121,-0.10452624588128148
6.446838152290571,-2.3083537356688244,-0.10452624588128148
6.490387713555062,-2.312922458837528,-0.10452624588128148
6.533937274819554,-2.317491182006232,-0.10452624588128148
6.577486836084045,-2.3220599051749353,-0.10452624588128148
6.621036397348536,-2.326628628343639,-0.10452624588128148
6.664585958613028,-2.3311973515123423,-0.10452624588128148
6.708135519877518,-2.335766074681046,-0.10452624588128148
6.75168508114201,-2.3403347978497497,-0.10452624588128148
6.795234642406501,-2.3449035210184532,-0.10452624588128148
6.8387842036709925,-2.3494722441871567,-0.10452624588128148
6.882333764935484,-2.35404096735586,-0.10452624588128148
6.925883326199975,-2.358609690524564,-0.10452624588128148
6.969432887464467,-2.3631784136932676,-0.10452624588128148
7.012982448728958,-2.367747136861971,-0.10452624588128148
7.056532009993449,-2.3723158600306746,-0.10452624588128148
7.100081571257941,-2.376884583199378,-0.10452624588128148
7.143631132522432,-2.381453306368082,-0.10452624588128148
7.187180693786924,-2.3860220295367855,-0.10452624588128148
7.230730255051415,-2.390590752705489,-0.10452624588128148
7.2742798163159055,-2.3951594758741925,-0.10452624588128148
7.317829377580397,-2.399728199042896,-0.10452624588128148
7.361378938844888,-2.4042969222116,-0.10452624588128148
7.40492850010938,-2.4088656453803035,-0.10452624588128148
7.448478061373871,-2.413434368549007,-0.10452624588128148
7.492027622638362,-2.4180030917177104,-0.10452624588128148
7.535577183902854,-2.422571814886414,-0.10452624588128148
7.579126745167345,-2.427140538055118,-0.10452624588128148
7.622676306431837,-2.4317092612238214,-0.10452624588128148
7.666225867696328,-2.436277984392525,-0.10452624588128148
7.709775428960819,-2.440846707561229,-0.10452624588128148
7.753324990225311,-2.4454154307299323,-0.10452624588128148
7.796874551489802,-2.4499841538986358,-0.10452624588128148
7.840424112754293,-2.4545528770673393,-0.10452624588128148
7.883973674018784,-2.4591216002360428,-0.10452624588128148
7.927523235283275,-2.4636903234047463,-0.10452624588128148
7.971072796547767,-2.46825904657345,-0.10452624588128148
8.014622357812257,-2.4728277697421537,-0.10452624588128148
8.058171919076749,-2.477396492910857,-0.10452624588128148
8.10172148034124,-2.4819652160795607,-0.10452624588128148
8.145271041605731,-2.4865339392482646,-0.10452624588128148
8.188820602870223,-2.491102662416968,-0.10452624588128148
8.232370164134714,-2.4956713855856716,-0.10452624588128148
8.275919725399206,-2.500240108754375,-0.10452624588128148
8.319469286663697,-2.5048088319230786,-0.10452624588128148
8.363018847928188,-2.5093775550917825,-0.10452624588128148
8.40656840919268,-2.513946278260486,-0.10452624588128148
8.450117970457171,-2.5185150014291895,-0.10452624588128148
8.493667531721663,-2.523083724597893,-0.10452624588128148
8.537217092986154,-2.527652447766597,-0.10452624588128148
8.580766654250645,-2.5322211709353004,-0.10452624588128148
8.624316215515137,-2.536789894104004,-0.10452624588128148
8.656386611485246,-2.528536843781424,0.2518764761886093
8.688457007455353,-2.520283793458844,0.2518764761886093
8.720527403425463,-2.5120307431362643,0.2518764761886093
8.75259779939557,-2.5037776928136846,0.2518764761886093
8.784668195365679,-2.4955246424911044,0.2518764761886093
8.816738591335788,-2.4872715921685247,0.2518764761886093
8.848808987305896,-2.479018541845945,0.2518764761886093
8.880879383276005,-2.4707654915233648,0.2518764761886093
8.912949779246112,-2.462512441200785,0.2518764761886093
8.945020175216222,-2.4542593908782053,0.2518764761886093
8.97709057118633,-2.4460063405556256,0.2518764761886093
9.009160967156438,-2.4377532902330454,0.2518764761886093
9.041231363126547,-2.4295002399104657,0.2518764761886093
9.073301759096655,-2.421247189587886,0.2518764761886093
9.105372155066764,-2.412994139265306,0.2518764761886093
9.137442551036873,-2.404741088942726,0.2518764761886093
9.16951294700698,-2.3964880386201464,0.2518764761886093
9.20158334297709,-2.388234988297566,0.2518764761886093
9.233653738947197,-2.3799819379749865,0.2518764761886093
9.265724134917306,-2.3717288876524067,0.2518764761886093
9.297794530887415,-2.3634758373298266,0.2518764761886093
9.329864926857523,-2.355222787007247,0.2518764761886093
9.361935322827632,-2.346969736684667,0.2518764761886093
9.39400571879774,-2.338716686362087,0.2518764761886093
9.426076114767849,-2.3304636360395072,0.2518764761886093
9.458146510737958,-2.3222105857169275,0.2518764761886093
9.490216906708065,-2.3139575353943473,0.2518764761886093
9.522287302678174,-2.3057044850717676,0.2518764761886093
9.554357698648282,-2.297451434749188,0.2518764761886093
9.586428094618391,-2.2891983844266077,0.2518764761886093
9.6184984905885,-2.280945334104028,0.2518764761886093
9.650568886558608,-2.2726922837814483,0.2518764761886093
9.682639282528717,-2.2644392334588686,0.2518764761886093
9.714709678498826,-2.2561861831362884,0.2518764761886093
9.746780074468933,-2.2479331328137087,0.2518764761886093
9.778850470439043,-2.239680082491129,0.2518764761886093
9.81092086640915,-2.2314270321685488,0.2518764761886093
9.84299126237926,-2.223173981845969,0.2518764761886093
9.875061658349368,-2.2149209315233893,0.2518764761886093
9.907132054319476,-2.206667881200809,0.2518764761886093
9.939202450289585,-2.1984148308782294,0.2518764761886093
9.971272846259692,-2.1901617805556497,0.2518764761886093
10.003343242229802,-2.1819087302330695,0.2518764761886093
10.03541363819991,-2.17365567991049,0.2518764761886093
10.067484034170018,-2.16540262958791,0.2518764761886093
10.099554430140127,-2.15714957926533,0.2518764761886093
10.131624826110235,-2.14889652894275,0.2518764761886093
10.163695222080344,-2.1406434786201705,0.2518764761886093
10.195765618050453,-2.1323904282975903,0.2518764761886093
10.22783601402056,-2.1241373779750106,0.2518764761886093
10.25990640999067,-2.115884327652431,0.2518764761886093
10.291976805960777,-2.107631277329851,0.2518764761886093
10.324047201930886,-2.099378227007271,0.2518764761886093
10.356117597900996,-2.0911251766846912,0.2518764761886093
10.388187993871103,-2.082872126362111,0.2518764761886093
10.420258389841212,-2.0746190760395313,0.2518764761886093
10.45232878581132,-2.0663660257169516,0.2518764761886093
10.484399181781429,-2.058112975394372,0.2518764761886093
10.516469577751538,-2.0498599250717917,0.2518764761886093
10.548539973721645,-2.041606874749212,0.2518764761886093
10.580610369691755,-2.0333538244266323,0.2518764761886093
10.612680765661862,-2.025100774104052,0.2518764761886093
10.644751161631971,-2.0168477237814724,0.2518764761886093
10.67682155760208,-2.0085946734588926,0.2518764761886093
10.708891953572188,-2.0003416231363125,0.2518764761886093
10.740962349542297,-1.9920885728137327,0.2518764761886093
10.773032745512406,-1.983835522491153,0.2518764761886093
10.805103141482514,-1.9755824721685729,0.2518764761886093
10.837173537452623,-1.9673294218459931,0.2518764761886093
10.86924393342273,-1.9590763715234134,0.2518764761886093
10.90131432939284,-1.9508233212008335,0.2518764761886093
10.933384725362949,-1.9425702708782535,0.2518764761886093
10.965455121333056,-1.9343172205556738,0.2518764761886093
10.997525517303165,-1.9260641702330938,0.2518764761886093
11.029595913273273,-1.917811119910514,0.2518764761886093
11.061666309243382,-1.9095580695879342,0.2518764761886093
11.093736705213491,-1.9013050192653542,0.2518764761886093
11.125807101183598,-1.8930519689427743,0.2518764761886093
11.157877497153708,-1.8847989186201946,0.2518764761886093
11.189947893123815,-1.8765458682976146,0.2518764761886093
11.222018289093924,-1.8682928179750347,0.2518764761886093
11.254088685064033,-1.860039767652455,0.2518764761886093
11.28615908103414,-1.8517867173298752,0.2518764761886093
11.31822947700425,-1.8435336670072953,0.2518764761886093
11.350299872974357,-1.8352806166847153,0.2518764761886093
11.382370268944467,-1.8270275663621356,0.2518764761886093
11.414440664914576,-1.8187745160395556,0.2518764761886093
11.446511060884683,-1.8105214657169757,0.2518764761886093
11.478581456854792,-1.802268415394396,0.2518764761886093
11.5106518528249,-1.794015365071816,0.2518764761886093
11.542722248795009,-1.785762314749236,0.2518764761886093
11.574792644765118,-1.7775092644266564,0.2518764761886093
11.606863040735226,-1.7692562141040764,0.2518764761886093
11.638933436705335,-1.7610031637814965,0.2518764761886093
11.671003832675442,-1.7527501134589167,0.2518764761886093
11.703074228645551,-1.744497063136337,0.2518764761886093
11.73514462461566,-1.7362440128137568,0.2518764761886093
11.767215020585768,-1.7279909624911771,0.2518764761886093
11.799285416555877,-1.7197379121685974,0.2518764761886093
11.831355812525985,-1.7114848618460172,0.2518764761886093
11.863426208496094,-1.7032318115234375,0.2518764761886093
11.8718791905016,-1.6815013696651648,1.1998149171864336
11.880332172507106,-1.659770927806892,1.1998149171864336
11.888785154512613,-1.6380404859486193,1.1998149171864336
11.89723813651812,-1.6163100440903466,1.1998149171864336
11.905691118523626,-1.5945796022320737,1.1998149171864336
11.914144100529132,-1.572849160373801,1.1998149171864336
11.922597082534638,-1.5511187185155282,1.1998149171864336
11.931050064540145,-1.5293882766572555,1.1998149171864336
11.939503046545651,-1.5076578347989829,1.1998149171864336
11.947956028551157,-1.48592739294071,1.1998149171864336
11.956409010556666,-1.4641969510824373,1.1998149171864336
11.964861992562172,-1.4424665092241646,1.1998149171864336
11.973314974567678,-1.4207360673658918,1.1998149171864336
11.981767956573185,-1.399005625507619,1.1998149171864336
11.990220938578691,-1.3772751836493464,1.1998149171864336
11.998673920584197,-1.3555447417910735,1.1998149171864336
12.007126902589704,-1.3338142999328009,1.1998149171864336
12.01557988459521,-1.3120838580745282,1.1998149171864336
12.024032866600717,-1.2903534162162553,1.1998149171864336
12.032485848606223,-1.2686229743579827,1.1998149171864336
12.04093883061173,-1.24689253249971,1.1998149171864336
12.049391812617236,-1.225162090641437,1.1998149171864336
12.057844794622742,-1.2034316487831644,1.1998149171864336
12.066297776628248,-1.1817012069248918,1.1998149171864336
12.074750758633755,-1.159970765066619,1.1998149171864336
12.083203740639261,-1.1382403232083462,1.1998149171864336
12.091656722644768,-1.1165098813500736,1.1998149171864336
12.100109704650274,-1.0947794394918007,1.1998149171864336
12.10856268665578,-1.073048997633528,1.1998149171864336
12.117015668661287,-1.0513185557752553,1.1998149171864336
12.125468650666795,-1.0295881139169825,1.1998149171864336
12.133921632672301,-1.0078576720587098,1.1998149171864336
12.142374614677808,-0.986127230200437,1.1998149171864336
12.150827596683314,-0.9643967883421642,1.1998149171864336
12.15928057868882,-0.9426663464838916,1.1998149171864336
12.167733560694327,-0.9209359046256188,1.1998149171864336
12.176186542699833,-0.8992054627673461,1.1998149171864336
12.18463952470534,-0.8774750209090734,1.1998149171864336
12.193092506710846,-0.8557445790508006,1.1998149171864336
12.201545488716352,-0.8340141371925278,1.1998149171864336
12.209998470721859,-0.812283695334255,1.1998149171864336
12.218451452727365,-0.7905532534759824,1.1998149171864336
12.226904434732871,-0.7688228116177096,1.1998149171864336
12.235357416738378,-0.7470923697594369,1.1998149171864336
12.243810398743884,-0.7253619279011642,1.1998149171864336
12.25226338074939,-0.7036314860428914,1.1998149171864336
12.260716362754897,-0.6819010441846185,1.1998149171864336
12.269169344760403,-0.6601706023263461,1.1998149171864336
12.27762232676591,-0.6384401604680732,1.1998149171864336
12.286075308771416,-0.6167097186098005,1.1998149171864336
12.294528290776924,-0.5949792767515276,1.1998149171864336
12.30298127278243,-0.573248834893255,1.1998149171864336
12.311434254787937,-0.5515183930349821,1.1998149171864336
12.319887236793443,-0.5297879511767094,1.1998149171864336
12.32834021879895,-0.5080575093184367,1.1998149171864336
12.336793200804456,-0.48632706746016385,1.1998149171864336
12.345246182809962,-0.4645966256018914,1.1998149171864336
12.353699164815469,-0.4428661837436185,1.1998149171864336
12.362152146820975,-0.42113574188534586,1.1998149171864336
12.370605128826481,-0.399405300027073,1.1998149171864336
12.379058110831988,-0.3776748581688003,1.1998149171864336
12.387511092837494,-0.35594441631052764,1.1998149171864336
12.395964074843,-0.33421397445225476,1.1998149171864336
12.404417056848507,-0.3124835325939821,1.1998149171864336
12.412870038854013,-0.2907530907357092,1.1998149171864336
12.42132302085952,-0.26902264887743654,1.1998149171864336
12.429776002865026,-0.24729220701916366,1.1998149171864336
12.438228984870532,-0.225561765160891,1.1998149171864336
12.446681966876039,-0.20383132330261833,1.1998149171864336
12.455134948881545,-0.18210088144434566,1.1998149171864336
12.463587930887051,-0.160370439586073,1.1998149171864336
12.47204091289256,-0.1386399977278001,1.1998149171864336
12.480493894898066,-0.11690955586952745,1.1998149171864336
12.488946876903572,-0.09517911401125478,1.1998149171864336
12.497399858909079,-0.0734486721529819,1.1998149171864336
12.505852840914585,-0.05171823029470923,1.1998149171864336
12.514305822920091,-0.029987788436436347,1.1998149171864336
12.522758804925598,-0.008257346578163682,1.1998149171864336
12.531211786931104,0.013473095280109204,1.1998149171864336
12.53966476893661,0.03520353713838187,1.1998149171864336
12.548117750942117,0.056933978996654755,1.1998149171864336
12.556570732947623,0.07866442085492742,1.1998149171864336
12.56502371495313,0.10039486271319986,1.1998149171864336
12.573476696958636,0.12212530457147275,1.1998149171864336
12.581929678964142,0.1438557464297454,1.1998149171864336
12.590382660969649,0.1655861882880183,1.1998149171864336
12.598835642975155,0.18731663014629096,1.1998149171864336
12.607288624980661,0.20904707200456363,1.1998149171864336
12.615741606986168,0.23077751386283651,1.1998149171864336
12.624194588991674,0.2525079557211092,1.1998149171864336
12.632647570997182,0.27423839757938206,1.1998149171864336
12.641100553002689,0.29596883943765473,1.1998149171864336
12.649553535008195,0.3176992812959276,1.1998149171864336
12.658006517013701,0.3394297231542005,1.1998149171864336
12.666459499019208,0.36116016501247294,1.1998149171864336
12.674912481024714,0.3828906068707454,1.1998149171864336
12.68336546303022,0.4046210487290183,1.1998149171864336
12.691818445035727,0.42635149058729116,1.1998149171864336
12.700271427041233,0.44808193244556405,1.1998149171864336
12.70872440904674,0.4698123743038365,1.1998149171864336
12.717177391052246,0.4915428161621094,1.1998149171864336
12.697623592792171,0.5077046451002064,2.4508820640938147
12.678069794532096,0.5238664740383034,2.4508820640938147
12.65851599627202,0.5400283029764006,2.4508820640938147
12.638962198011946,0.5561901319144976,2.4508820640938147
12.61940839975187,0.5723519608525947,2.4508820640938147
12.599854601491796,0.5885137897906917,2.4508820640938147
12.58030080323172,0.6046756187287887,2.4508820640938147
12.560747004971645,0.6208374476668859,2.4508820640938147
12.54119320671157,0.6369992766049829,2.4508820640938147
12.521639408451495,0.6531611055430799,2.4508820640938147
12.50208561019142,0.669322934481177,2.4508820640938147
12.482531811931345,0.685484763419274,2.4508820640938147
12.46297801367127,0.7016465923573711,2.4508820640938147
12.443424215411195,0.7178084212954682,2.4508820640938147
12.42387041715112,0.7339702502335652,2.4508820640938147
12.404316618891045,0.7501320791716624,2.4508820640938147
12.384762820630971,0.7662939081097593,2.4508820640938147
12.365209022370896,0.7824557370478564,2.4508820640938147
12.345655224110821,0.7986175659859535,2.4508820640938147
12.326101425850746,0.8147793949240505,2.4508820640938147
12.306547627590671,0.8309412238621475,2.4508820640938147
12.286993829330596,0.8471030528002446,2.4508820640938147
12.267440031070521,0.8632648817383417,2.4508820640938147
12.247886232810446,0.8794267106764387,2.4508820640938147
12.22833243455037,0.8955885396145358,2.4508820640938147
12.208778636290296,0.9117503685526329,2.4508820640938147
12.18922483803022,0.92791219749073,2.4508820640938147
12.169671039770146,0.944074026428827,2.4508820640938147
12.15011724151007,0.9602358553669239,2.4508820640938147
12.130563443249995,0.976397684305021,2.4508820640938147
12.11100964498992,0.9925595132431181,2.4508820640938147
12.091455846729845,1.0087213421812153,2.4508820640938147
12.07190204846977,1.0248831711193123,2.4508820640938147
12.052348250209695,1.0410450000574092,2.4508820640938147
12.03279445194962,1.0572068289955063,2.4508820640938147
12.013240653689545,1.0733686579336035,2.4508820640938147
11.99368685542947,1.0895304868717006,2.4508820640938147
11.974133057169395,1.1056923158097975,2.4508820640938147
11.95457925890932,1.1218541447478945,2.4508820640938147
11.935025460649245,1.1380159736859916,2.4508820640938147
11.91547166238917,1.1541778026240888,2.4508820640938147
11.895917864129094,1.1703396315621857,2.4508820640938147
11.87636406586902,1.1865014605002828,2.4508820640938147
11.856810267608944,1.2026632894383797,2.4508820640938147
11.837256469348869,1.218825118376477,2.4508820640938147
11.817702671088794,1.234986947314574,2.4508820640938147
11.798148872828719,1.2511487762526712,2.4508820640938147
11.778595074568644,1.267310605190768,2.4508820640938147
11.759041276308569,1.283472434128865,2.4508820640938147
11.739487478048495,1.2996342630669622,2.4508820640938147
11.719933679788419,1.3157960920050593,2.4508820640938147
11.700379881528345,1.3319579209431565,2.4508820640938147
11.680826083268268,1.3481197498812534,2.4508820640938147
11.661272285008195,1.3642815788193505,2.4508820640938147
11.64171848674812,1.3804434077574474,2.4508820640938147
11.622164688488045,1.3966052366955446,2.4508820640938147
11.60261089022797,1.4127670656336415,2.4508820640938147
11.583057091967895,1.4289288945717384,2.4508820640938147
11.56350329370782,1.4450907235098356,2.4508820640938147
11.543949495447745,1.4612525524479327,2.4508820640938147
11.52439569718767,1.4774143813860299,2.4508820640938147
11.504841898927594,1.4935762103241268,2.4508820640938147
11.48528810066752,1.509738039262224,2.4508820640938147
11.465734302407444,1.525899868200321,2.4508820640938147
11.44618050414737,1.542061697138418,2.4508820640938147
11.426626705887294,1.5582235260765152,2.4508820640938147
11.407072907627219,1.5743853550146123,2.4508820640938147
11.387519109367144,1.5905471839527092,2.4508820640938147
11.367965311107069,1.6067090128908064,2.4508820640938147
11.348411512846994,1.6228708418289033,2.4508820640938147
11.328857714586919,1.6390326707670004,2.4508820640938147
11.309303916326844,1.6551944997050974,2.4508820640938147
11.289750118066769,1.6713563286431945,2.4508820640938147
11.270196319806693,1.6875181575812916,2.4508820640938147
11.250642521546618,1.7036799865193886,2.4508820640938147
11.231088723286543,1.7198418154574857,2.4508820640938147
11.211534925026468,1.7360036443955829,2.4508820640938147
11.191981126766393,1.7521654733336798,2.4508820640938147
11.172427328506318,1.768327302271777,2.4508820640938147
11.152873530246243,1.784489131209874,2.4508820640938147
11.133319731986168,1.800650960147971,2.4508820640938147
11.113765933726093,1.8168127890860681,2.4508820640938147
11.09421213546602,1.832974618024165,2.4508820640938147
11.074658337205943,1.849136446962262,2.4508820640938147
11.05510453894587,1.8652982759003591,2.4508820640938147
11.035550740685794,1.8814601048384563,2.4508820640938147
11.01599694242572,1.8976219337765532,2.4508820640938147
10.996443144165644,1.9137837627146503,2.4508820640938147
10.976889345905569,1.9299455916527475,2.4508820640938147
10.957335547645494,1.9461074205908444,2.4508820640938147
10.937781749385419,1.9622692495289416,2.4508820640938147
10.918227951125344,1.9784310784670387,2.4508820640938147
10.898674152865269,1.9945929074051356,2.4508820640938147
10.879120354605194,2.010754736343233,2.4508820640938147
10.859566556345118,2.0269165652813297,2.4508820640938147
10.840012758085043,2.043078394219427,2.4508820640938147
10.820458959824968,2.0592402231575235,2.4508820640938147
10.800905161564893,2.0754020520956207,2.4508820640938147
10.781351363304818,2.091563881033718,2.4508820640938147
10.761797565044743,2.107725709971815,2.4508820640938147
10.742243766784668,2.123887538909912,2.4508820640938147
10.685532111932735,2.1293351815478636,3.045827872754956
10.628820457080803,2.134782824185815,3.045827872754956
10.572108802228872,2.1402304668237666,3.045827872754956
10.51539714737694,2.145678109461718,3.045827872754956
10.458685492525007,2.1511257520996696,3.045827872754956
10.401973837673074,2.1565733947376216,3.045827872754956
10.345262182821141,2.162021037375573,3.045827872754956
10.288550527969209,2.1674686800135246,3.045827872754956
10.231838873117276,2.172916322651476,3.045827872754956
10.175127218265345,2.1783639652894276,3.045827872754956
10.118415563413413,2.183811607927379,3.045827872754956
10.06170390856148,2.1892592505653306,3.045827872754956
10.004992253709547,2.194706893203282,3.045827872754956
9.948280598857615,2.2001545358412335,3.045827872754956
9.891568944005684,2.205602178479185,3.045827872754956
9.834857289153751,2.2110498211171365,3.045827872754956
9.778145634301818,2.2164974637550885,3.045827872754956
9.721433979449886,2.22194510639304,3.045827872754956
9.664722324597953,2.2273927490309915,3.045827872754956
9.60801066974602,2.232840391668943,3.045827872754956
9.55129901489409,2.2382880343068945,3.045827872754956
9.494587360042157,2.243735676944846,3.045827872754956
9.437875705190224,2.2491833195827975,3.045827872754956
9.381164050338292,2.254630962220749,3.045827872754956
9.32445239548636,2.2600786048587005,3.045827872754956
9.267740740634427,2.265526247496652,3.045827872754956
9.211029085782496,2.2709738901346035,3.045827872754956
9.154317430930563,2.276421532772555,3.045827872754956
9.09760577607863,2.281869175410507,3.045827872754956
9.040894121226698,2.2873168180484584,3.045827872754956
8.984182466374765,2.29276446068641,3.045827872754956
8.927470811522833,2.2982121033243614,3.045827872754956
8.8707591566709,2.303659745962313,3.045827872754956
8.814047501818969,2.3091073886002644,3.045827872754956
8.757335846967036,2.314555031238216,3.045827872754956
8.700624192115104,2.3200026738761674,3.045827872754956
8.643912537263171,2.325450316514119,3.045827872754956
8.587200882411238,2.3308979591520704,3.045827872754956
8.530489227559308,2.336345601790022,3.045827872754956
8.473777572707375,2.341793244427974,3.045827872754956
8.417065917855442,2.3472408870659254,3.045827872754956
8.36035426300351,2.352688529703877,3.045827872754956
8.303642608151577,2.3581361723418284,3.045827872754956
8.246930953299646,2.36358381497978,3.045827872754956
8.190219298447712,2.3690314576177314,3.045827872754956
8.133507643595781,2.374479100255683,3.045827872754956
8.076795988743848,2.3799267428936344,3.045827872754956
8.020084333891916,2.385374385531586,3.045827872754956
7.963372679039983,2.3908220281695374,3.045827872754956
7.906661024188051,2.396269670807489,3.045827872754956
7.849949369336119,2.401717313445441,3.045827872754956
7.793237714484187,2.4071649560833923,3.045827872754956
7.736526059632254,2.412612598721344,3.045827872754956
7.679814404780322,2.4180602413592953,3.045827872754956
7.623102749928389,2.423507883997247,3.045827872754956
7.566391095076456,2.4289555266351983,3.045827872754956
7.5096794402245255,2.43440316927315,3.045827872754956
7.452967785372593,2.4398508119111013,3.045827872754956
7.39625613052066,2.445298454549053,3.045827872754956
7.339544475668728,2.4507460971870043,3.045827872754956
7.282832820816795,2.456193739824956,3.045827872754956
7.226121165964863,2.4616413824629078,3.045827872754956
7.169409511112931,2.4670890251008593,3.045827872754956
7.112697856260999,2.4725366677388108,3.045827872754956
7.055986201409066,2.4779843103767623,3.045827872754956
6.9992745465571335,2.4834319530147138,3.045827872754956
6.942562891705201,2.4888795956526653,3.045827872754956
6.885851236853268,2.4943272382906168,3.045827872754956
6.8291395820013365,2.4997748809285683,3.045827872754956
6.772427927149405,2.5052225235665198,3.045827872754956
6.715716272297472,2.5106701662044713,3.045827872754956
6.6590046174455395,2.5161178088424228,3.045827872754956
6.602292962593608,2.5215654514803747,3.045827872754956
6.545581307741675,2.527013094118326,3.045827872754956
6.4888696528897425,2.5324607367562777,3.045827872754956
6.432157998037811,2.537908379394229,3.045827872754956
6.375446343185878,2.5433560220321807,3.045827872754956
6.3187346883339455,2.548803664670132,3.045827872754956
6.262023033482013,2.5542513073080837,3.045827872754956
6.205311378630081,2.559698949946035,3.045827872754956
6.1485997237781485,2.5651465925839867,3.045827872754956
6.091888068926216,2.570594235221938,3.045827872754956
6.035176414074284,2.5760418778598897,3.045827872754956
5.978464759222352,2.581489520497841,3.045827872754956
5.92175310437042,2.5869371631357927,3.045827872754956
5.865041449518487,2.5923848057737446,3.045827872754956
5.808329794666554,2.597832448411696,3.045827872754956
5.751618139814623,2.6032800910496476,3.045827872754956
5.69490648496269,2.608727733687599,3.045827872754956
5.638194830110757,2.6141753763255506,3.045827872754956
5.581483175258825,2.619623018963502,3.045827872754956
5.524771520406893,2.6250706616014536,3.045827872754956
5.46805986555496,2.630518304239405,3.045827872754956
5.411348210703028,2.6359659468773566,3.045827872754956
5.354636555851096,2.6414135895153086,3.045827872754956
5.297924900999164,2.6468612321532596,3.045827872754956
5.241213246147232,2.6523088747912116,3.045827872754956
5.184501591295299,2.657756517429163,3.045827872754956
5.127789936443366,2.6632041600671146,3.045827872754956
5.071078281591435,2.668651802705066,3.045827872754956
5.014366626739502,2.6740994453430176,3.045827872754956
